location,date,lat,lon,rain_3day,rain_7day,wave_h,elevation,slope,dist_coast,flooded
Mombasa,2026-01-15,-4.177107513187813,39.748167819329225,53.13,60.08,1.16,0.0,1.58,2.47,1
Mombasa,2025-12-30,-3.9660243623279654,39.60621931750983,42.15,48.31,0.91,28.37,4.63,1.03,0
Mombasa,2025-11-05,-4.068477230567732,39.66928301784879,22.58,46.63,2.07,8.77,0.0,4.22,1
Mombasa,2025-12-07,-3.9829604466507176,39.678850545915864,78.65,99.63,2.39,2.12,1.32,0.02,1
Mombasa,2025-11-15,-3.906603146401019,39.75942559951929,15.93,24.64,0.98,30.74,0.85,0.4,1
Mombasa,2025-12-04,-4.03845123887687,39.591008301745845,26.59,60.01,2.01,0.0,0.0,0.31,1
Mombasa,2026-02-01,-4.049663860902019,39.553679651520184,16.81,39.2,0.83,20.41,0.0,0.15,0
Mombasa,2025-10-29,-4.178384659992072,39.67666375808141,42.73,47.36,2.11,14.18,0.38,0.05,1
Mombasa,2025-11-23,-4.119468305969439,39.63881147919515,15.58,53.17,1.25,12.81,2.85,0.01,0
Mombasa,2026-02-07,-4.050035249752332,39.623041343964196,43.27,47.89,1.4,35.2,6.22,0.18,1
Mombasa,2025-11-14,-3.996231001163718,39.74305927436414,54.51,65.18,2.18,22.42,3.45,0.06,1
Mombasa,2025-12-02,-3.958878289168687,39.72086676784513,40.87,80.06,1.66,14.91,2.5,1.08,0
Mombasa,2025-12-09,-4.085717660055439,39.570984286920016,8.74,16.46,1.62,7.86,2.61,1.4,0
Mombasa,2026-01-17,-4.180219095928229,39.68702584068159,18.2,46.58,1.26,18.02,2.35,0.71,1
Mombasa,2026-02-23,-4.113556320207602,39.74946115477765,12.81,89.4,2.53,9.77,3.65,1.38,1
Mombasa,2025-12-26,-3.9271219416841157,39.7774210843688,23.88,42.64,1.26,22.94,3.12,0.19,1
Mombasa,2026-01-04,-4.135984393926026,39.550046229757484,8.1,49.44,2.12,45.05,3.58,7.74,1
Mombasa,2026-02-20,-4.0643628114546955,39.751887524671446,10.76,16.21,0.65,5.15,1.45,0.62,0
Mombasa,2026-01-22,-3.9206381940932933,39.560811981915144,25.93,43.57,2.78,26.04,2.18,2.92,1
Mombasa,2025-12-08,-4.192530231734896,39.72053014510264,51.9,72.75,2.92,19.48,1.38,0.71,1
Mombasa,2026-02-01,-4.019835324760764,39.69950177591264,51.74,61.14,0.96,20.29,1.94,7.95,1
Mombasa,2025-12-09,-3.9149611498759063,39.788004073059994,19.01,34.88,1.6,15.54,5.3,0.48,1
Mombasa,2025-11-15,-4.1309091362937105,39.70796977306004,18.17,53.94,0.77,1.81,1.25,0.06,1
Mombasa,2025-12-01,-4.035453024229191,39.56748476602102,63.27,139.91,1.53,18.69,6.66,0.8,1
Mombasa,2025-12-13,-3.9272614875339804,39.71759949578704,70.0,98.84,2.67,29.51,6.44,0.12,1
Mombasa,2025-12-28,-4.160049166272225,39.613730104162165,21.31,54.25,1.98,31.95,3.63,13.7,0
Mombasa,2025-12-03,-4.0429762257978705,39.75798599838368,17.52,47.61,0.84,11.43,3.56,8.53,1
Mombasa,2026-01-31,-3.9748770422693895,39.55786552247765,14.22,30.1,2.92,12.93,4.05,0.58,0
Mombasa,2025-12-17,-3.9992960277348257,39.63103395594288,25.76,40.83,1.89,16.37,4.23,0.11,0
Mombasa,2026-02-19,-4.0596741420765055,39.719108971745,37.42,71.71,0.69,6.3,0.0,3.36,1
Mombasa,2026-02-17,-4.138545272910662,39.58890870003499,16.68,72.86,1.41,38.56,0.73,5.34,0
Mombasa,2026-02-04,-4.052770233272679,39.711568002313925,46.35,72.91,0.86,18.05,0.0,5.9,1
Mombasa,2026-02-25,-4.088284593184483,39.72430620131954,11.2,40.13,2.71,19.79,2.66,4.07,0
Mombasa,2025-11-27,-4.056779653544524,39.733444416240964,42.56,47.85,1.48,21.06,3.61,1.43,1
Mombasa,2025-11-13,-4.090232884265822,39.76883379803777,68.44,71.26,1.75,13.86,2.96,0.39,1
Mombasa,2025-12-11,-3.948624601707222,39.65329152901299,34.21,116.53,2.6,16.01,5.04,1.18,1
Mombasa,2026-01-08,-3.969405748044147,39.58562074337281,13.36,36.75,1.92,0.0,4.33,0.35,1
Mombasa,2025-11-25,-4.105801596836201,39.61507773259778,22.87,38.43,0.62,30.4,2.06,2.59,1
Mombasa,2026-01-26,-4.028212400206814,39.64742135036066,18.31,40.94,0.69,30.64,1.25,2.11,0
Mombasa,2026-01-09,-4.117185285500792,39.563644392544155,38.06,50.83,0.93,29.64,1.83,1.22,0
Mombasa,2025-11-18,-4.06414712023608,39.72713720743734,59.7,92.81,2.19,21.98,7.08,3.12,1
Mombasa,2025-11-15,-4.0941064902166815,39.56575266194353,46.2,53.76,2.04,31.02,3.37,2.25,0
Mombasa,2025-12-31,-4.002780161166073,39.56442718930711,33.96,75.01,1.39,26.01,2.12,0.37,1
Mombasa,2026-02-11,-4.08889467510359,39.783124884305444,17.74,64.12,1.28,6.43,4.01,1.0,0
Mombasa,2025-11-09,-4.06227210663257,39.751561469585205,18.48,36.65,0.7,22.37,0.26,2.38,1
Mombasa,2026-01-29,-3.9842027632472874,39.6134202617034,28.27,52.66,0.67,26.95,3.52,1.27,0
Mombasa,2026-01-01,-4.07610245126585,39.635427022951575,76.72,108.62,2.09,11.23,2.44,3.33,1
Mombasa,2026-02-20,-3.9280730192506983,39.756479924950305,74.26,106.37,2.49,0.0,3.37,6.88,1
Mombasa,2026-01-27,-4.145864514239196,39.70480886616458,104.38,140.18,1.76,23.32,3.59,7.71,1
Mombasa,2025-11-08,-3.977664338126021,39.61622940405242,39.5,87.41,2.22,16.83,0.0,1.4,1
Mombasa,2026-02-25,-4.073287786907058,39.66225479898499,43.22,73.0,1.62,1.42,1.47,1.06,1
Mombasa,2026-01-03,-4.072063928194518,39.76388989682922,12.82,32.74,0.64,14.99,3.58,1.66,0
Mombasa,2026-02-16,-4.009686039409848,39.55017283815801,17.18,44.14,0.51,7.79,2.71,2.2,1
Mombasa,2025-12-18,-4.043128139691497,39.79809846661362,7.09,17.91,2.5,13.73,0.0,8.17,0
Mombasa,2025-11-03,-4.075534206468167,39.69148338349637,16.28,18.04,2.67,29.82,2.8,2.06,0
Mombasa,2026-02-19,-4.199571935831172,39.59550501919757,26.22,56.3,2.96,25.85,3.6,3.13,1
Mombasa,2025-11-28,-4.172321296245975,39.75004820144012,23.53,44.51,1.27,18.3,4.27,7.18,1
Mombasa,2025-12-01,-3.9871816818824364,39.56904879700686,7.71,48.12,2.33,1.54,3.22,1.98,1
Mombasa,2026-02-15,-4.042696320970441,39.65250001984246,38.81,59.45,2.35,7.81,0.0,3.6,0
Mombasa,2026-02-20,-3.9911518609449095,39.69328306581704,10.33,19.97,2.16,0.0,0.0,1.19,1
Mombasa,2026-01-29,-3.913359503099122,39.61179858707049,42.96,95.32,2.55,1.69,0.0,1.25,1
Mombasa,2026-02-07,-3.995125843687375,39.771308204359386,25.8,50.21,2.89,22.92,5.2,0.95,1
Mombasa,2026-01-16,-4.184061392798113,39.72422350964413,16.86,41.25,1.0,11.94,2.88,0.34,1
Mombasa,2025-12-31,-4.107344194540861,39.590457034724174,20.63,36.46,2.32,14.17,1.01,0.55,0
Mombasa,2025-11-24,-4.022221593802988,39.58814987543219,41.37,63.73,1.53,19.7,1.78,6.63,1
Mombasa,2025-11-29,-4.129463877822761,39.56548329937838,17.96,58.75,2.57,4.19,1.89,0.69,1
Mombasa,2026-02-13,-3.910508700139162,39.69287462852809,36.7,65.81,2.78,6.6,3.74,0.55,1
Mombasa,2026-01-25,-3.9164855328621617,39.59681675253307,55.32,59.14,2.85,46.27,3.53,2.54,1
Mombasa,2025-12-15,-3.9454797357486933,39.685745669023895,67.81,103.13,2.39,20.79,1.63,1.92,0
Mombasa,2025-11-15,-4.058302801113479,39.7548681195308,17.68,47.02,2.8,14.0,4.95,1.03,1
Mombasa,2025-11-15,-3.947556985530481,39.76979625519209,55.08,70.5,0.8,20.6,2.21,0.84,0
Mombasa,2025-12-01,-4.160666807295626,39.579087584150884,25.6,133.72,0.73,27.58,0.98,0.37,1
Mombasa,2025-11-10,-4.107379902810649,39.633059356569454,5.01,20.75,1.54,8.49,5.5,0.16,0
Mombasa,2025-12-07,-4.061101081753675,39.65434392935225,10.46,63.36,2.3,13.5,0.0,0.11,0
Mombasa,2025-11-03,-3.97744583979496,39.645854369139194,7.76,61.53,2.52,27.52,0.0,0.68,0
Mombasa,2026-02-20,-4.054252431387331,39.654707239363546,10.36,36.67,2.59,13.29,5.91,1.43,0
Mombasa,2026-02-20,-4.158937164360765,39.664996870338356,19.07,28.31,0.83,21.73,2.69,1.35,1
Mombasa,2025-12-15,-4.096939041088692,39.73913757386866,5.89,13.0,2.21,10.67,1.86,2.37,1
Mombasa,2025-12-16,-4.102672149098267,39.626378947311416,48.22,87.96,1.89,11.24,0.26,4.22,1
Mombasa,2025-12-02,-4.1098743287045885,39.6358560819817,27.7,41.24,0.92,39.56,1.65,1.51,0
Mombasa,2025-11-12,-4.150349579860264,39.647561183758675,61.73,98.62,1.69,4.92,1.8,0.74,1
Mombasa,2026-02-02,-4.075529468228025,39.587804616297284,74.34,96.79,2.44,16.95,2.23,6.19,1
Mombasa,2025-11-26,-4.065563802749183,39.70759335828612,65.74,79.78,0.91,4.5,0.0,0.39,1
Mombasa,2026-02-18,-3.967529887255795,39.65006150575297,69.05,107.1,2.74,17.89,2.17,2.01,1
Mombasa,2025-12-23,-3.9610827897652356,39.77903814392744,68.28,84.36,0.91,27.43,0.0,0.44,1
Mombasa,2025-12-11,-4.043282961599516,39.75535396881945,20.98,23.19,0.7,38.93,2.53,1.72,0
Mombasa,2025-12-29,-4.061810911151017,39.607544975972424,26.02,41.73,1.41,16.93,2.25,8.08,0
Mombasa,2026-01-29,-3.966535919536831,39.6105784930478,22.43,36.53,2.45,0.0,1.26,0.28,1
Mombasa,2026-01-07,-3.9338133144441794,39.74556764787433,50.82,93.03,2.44,40.63,0.0,4.23,1
Mombasa,2025-11-24,-3.9975243690399638,39.689971738840214,37.33,60.42,2.66,16.37,3.21,0.33,1
Mombasa,2026-02-15,-3.959856285300461,39.5525526764244,27.21,43.27,0.95,19.55,1.28,2.89,1
Mombasa,2026-01-04,-3.9182665938803445,39.70747076316331,9.24,35.14,1.04,14.19,3.2,0.97,1
Mombasa,2025-11-16,-4.187803257168994,39.64872822808709,22.32,30.7,1.01,15.87,4.22,1.42,1
Mombasa,2026-01-26,-3.937298482538975,39.7463034413279,41.99,55.41,1.02,19.63,6.03,1.01,1
Mombasa,2025-11-01,-4.1170310782646595,39.73671175862086,46.76,113.07,1.56,1.9,0.91,5.06,1
Mombasa,2025-12-10,-4.057270650172727,39.780582002135475,7.49,32.85,2.99,29.75,0.0,1.4,1
Mombasa,2025-12-17,-3.960971712920429,39.72482149281609,11.25,68.2,2.19,7.14,2.4,1.82,0
Mombasa,2025-10-30,-3.984827330317431,39.778244646710775,31.78,64.39,1.35,7.78,1.97,1.54,1
Mombasa,2025-12-04,-4.155855728417492,39.62116370466527,30.06,33.78,2.9,2.09,0.52,1.17,1
Mombasa,2026-02-15,-4.0023755223137565,39.634678922480816,32.41,48.05,1.91,34.42,1.76,0.53,0
Mombasa,2026-01-09,-4.179224378997049,39.56480021132847,16.46,35.4,0.6,21.28,3.04,0.79,0
Mombasa,2025-11-26,-4.092878811494137,39.76673402735126,30.16,34.27,0.68,7.25,0.35,3.53,0
Mombasa,2025-11-09,-3.956151134950888,39.58855439697354,54.65,58.24,1.89,12.07,3.2,1.35,1
Mombasa,2026-01-23,-4.071688550091735,39.687829878039324,14.6,34.34,0.99,25.54,3.91,1.25,0
Mombasa,2025-12-16,-4.0200436687369665,39.67729884710832,19.97,50.7,1.17,21.06,1.69,2.29,1
Mombasa,2025-11-14,-3.9815516150558596,39.753483769736334,58.28,115.12,1.43,3.84,4.59,5.47,1
Mombasa,2026-02-20,-3.953631717508032,39.64699736660268,23.24,61.45,1.99,18.12,1.59,0.54,1
Mombasa,2025-11-17,-3.971845464005915,39.58566616803157,62.5,122.78,2.83,8.45,0.52,3.81,1
Mombasa,2026-02-05,-4.1978570174163,39.64577026149952,50.64,89.94,0.72,20.84,2.98,3.63,1
Mombasa,2026-01-15,-4.07392294989824,39.56201249865416,22.03,24.11,2.81,20.26,1.22,0.55,1
Mombasa,2025-11-02,-4.061059134588556,39.6253674532965,28.05,43.86,1.58,26.05,0.0,0.36,1
Mombasa,2025-12-08,-4.183350149066183,39.70750067805456,30.46,72.02,1.28,4.47,3.3,6.34,1
Mombasa,2026-02-02,-4.037567360371434,39.564285786017166,23.03,44.01,1.22,13.52,3.44,0.64,0
Mombasa,2026-01-11,-4.01766877456684,39.7974240566132,21.0,79.36,1.39,19.76,2.17,0.13,0
Mombasa,2025-11-12,-3.951464041501162,39.68404727223336,28.92,49.62,1.55,42.36,3.58,0.31,0
Mombasa,2025-11-23,-3.917457219542565,39.62501796329923,6.73,37.15,1.49,6.62,1.41,0.75,1
Mombasa,2025-12-24,-4.16155564379918,39.7584468108627,5.43,25.67,2.62,42.57,4.28,0.08,1
Mombasa,2025-11-05,-4.130870797676934,39.58436629531744,13.92,41.25,1.35,15.21,3.69,0.93,1
Mombasa,2025-12-03,-4.002252480878831,39.63049099299068,20.4,27.96,1.1,43.36,1.66,1.69,0
Mombasa,2026-01-11,-4.160257803354976,39.784287501992964,13.99,47.04,2.83,41.22,0.77,3.04,1
Mombasa,2025-11-02,-4.132776408916104,39.6099832705893,31.96,57.84,2.45,3.98,1.66,3.9,1
Mombasa,2026-01-27,-4.027541223723255,39.73322298179883,13.37,69.11,0.57,28.24,4.35,4.04,0
Mombasa,2025-12-31,-4.149142882930137,39.570232595627004,39.8,53.03,1.89,17.97,0.57,5.4,1
Mombasa,2026-02-03,-3.9653309546028663,39.68311865898331,5.98,30.72,2.07,21.52,0.4,1.09,0
Mombasa,2026-01-24,-3.9429073121664717,39.71452777654912,15.18,50.48,0.87,19.9,3.61,3.1,1
Mombasa,2025-12-24,-4.189897738649146,39.60243076133825,8.2,30.28,1.33,25.3,2.06,1.99,1
Mombasa,2025-11-01,-4.040206558516898,39.63190753038731,79.48,133.7,0.95,2.08,0.17,0.07,0
Mombasa,2025-11-24,-3.9609145927669305,39.687627269182734,5.43,39.15,0.71,20.11,1.41,0.43,1
Mombasa,2025-11-25,-3.9074580956528653,39.697496239628315,25.6,58.57,1.78,21.2,2.32,0.47,0
Mombasa,2026-01-12,-4.117722422041674,39.58855438903133,34.42,57.82,0.68,35.36,3.32,0.49,1
Mombasa,2026-01-02,-4.149269680990385,39.65269366311299,1.9,32.87,1.65,10.02,5.37,0.49,1
Mombasa,2025-11-22,-3.936989720945509,39.79993325354182,55.99,67.48,1.7,0.0,4.66,0.78,1
Mombasa,2025-11-04,-3.927245260871745,39.6306087357828,42.81,48.21,1.99,26.32,4.14,0.45,1
Mombasa,2026-01-22,-4.140740133159853,39.74633901512691,8.12,18.94,2.64,12.52,2.31,0.56,1
Mombasa,2026-02-11,-4.067541077189208,39.60040348083427,14.43,21.23,0.57,21.24,0.23,0.52,0
Mombasa,2026-02-06,-3.984230357492299,39.66529849086339,39.75,74.78,0.95,40.34,2.21,2.07,1
Mombasa,2026-01-23,-3.946396452370808,39.67954238852144,9.98,16.73,2.17,3.55,0.0,0.69,1
Mombasa,2025-11-19,-4.149517408389827,39.699004572481506,28.89,37.18,1.57,7.86,3.15,0.26,0
Mombasa,2025-11-12,-4.000509311128572,39.729413243707526,15.83,44.7,0.95,21.45,4.86,4.81,0
Mombasa,2026-01-24,-3.9576493622111792,39.748977594302005,21.63,25.59,0.97,1.94,3.67,1.02,1
Mombasa,2026-01-07,-4.035085763759782,39.725041428833585,9.3,43.35,0.97,19.49,2.65,7.64,1
Mombasa,2025-11-28,-4.150585002366296,39.75180013012748,22.8,29.64,2.8,8.38,0.89,2.2,1
Mombasa,2025-12-28,-4.189341358550891,39.77149042486685,28.27,48.18,1.45,8.17,6.06,0.47,1
Mombasa,2026-02-18,-4.115539854645452,39.63152982126766,26.68,103.17,1.94,25.66,4.59,0.28,0
Mombasa,2025-11-11,-3.9576387460639344,39.75682732622439,34.75,45.84,1.93,13.2,0.0,3.88,1
Mombasa,2026-01-08,-4.186570121746459,39.67999454640083,51.57,58.07,2.39,12.8,4.41,0.69,1
Mombasa,2026-02-16,-4.197535048488207,39.61485696655559,14.81,60.28,1.7,22.57,3.58,0.12,1
Mombasa,2025-12-08,-4.091515005686383,39.593268426100316,23.89,33.67,1.47,5.09,2.59,2.19,1
Mombasa,2026-02-24,-4.180913314290435,39.741112251645454,52.27,54.47,2.28,26.84,2.73,0.04,1
Mombasa,2025-11-27,-4.155154109002731,39.709158207129725,13.36,45.58,1.31,27.62,2.19,0.16,0
Mombasa,2025-11-28,-4.193042889570192,39.56768284222697,10.58,24.95,0.75,31.67,4.5,2.83,1
Mombasa,2025-11-03,-4.0425840489694105,39.696863431355474,25.29,75.49,2.99,4.95,1.88,0.67,1
Mombasa,2025-11-28,-3.990991229343176,39.56113665488874,19.45,63.2,2.83,19.05,2.89,2.83,1
Mombasa,2025-12-26,-4.071883952095882,39.6478140126333,6.89,22.94,1.64,18.56,3.0,1.77,1
Mombasa,2025-12-23,-4.159628862406594,39.69279030948468,34.14,55.07,2.31,35.1,0.24,0.13,1
Mombasa,2026-02-15,-4.100592836711279,39.71254866366382,28.23,43.89,2.54,33.2,7.09,5.22,0
Mombasa,2025-12-02,-4.022896243708099,39.58946318895213,45.15,54.58,1.45,21.61,2.22,0.79,1
Mombasa,2025-11-11,-3.9178015819810836,39.561209159803646,17.12,24.25,0.95,5.15,3.25,2.49,1
Mombasa,2025-12-24,-3.902232684248208,39.69400594106247,26.68,29.65,0.9,4.45,1.51,2.05,0
Mombasa,2025-12-29,-4.127519125003845,39.75469606401328,81.11,91.53,2.69,14.42,5.29,0.97,1
Mombasa,2025-10-31,-4.196826027918497,39.74915290775889,66.39,79.17,2.98,9.44,1.56,4.14,1
Mombasa,2026-01-19,-3.9508079022018587,39.639914972883794,49.8,76.54,1.62,23.54,3.3,0.13,0
Mombasa,2026-02-15,-3.922016118668983,39.69423777928139,54.23,95.73,2.95,32.0,1.87,0.72,1
Mombasa,2025-12-09,-4.062418956069609,39.729674469922266,29.02,40.32,1.68,7.15,0.56,5.09,1
Mombasa,2026-01-04,-3.968567296630895,39.768297097677966,13.75,55.97,1.63,6.67,0.0,0.44,1
Mombasa,2026-02-14,-3.9401402897746824,39.672906821606915,67.87,79.24,1.17,29.62,1.1,1.12,1
Mombasa,2026-01-29,-4.017115560499632,39.768875028676725,17.36,92.51,1.92,23.05,2.13,3.76,1
Mombasa,2026-01-05,-3.9382118450567436,39.62943221997389,81.19,85.15,1.48,12.98,0.72,0.59,1
Mombasa,2025-11-11,-4.192829092157301,39.60481303531138,24.13,40.96,2.67,19.43,1.38,0.71,0
Mombasa,2025-11-22,-4.1185214339221305,39.62353082035277,36.24,53.78,2.88,0.0,3.34,0.51,1
Mombasa,2025-12-12,-4.116834125191711,39.73244185566833,46.9,61.16,2.28,12.71,4.83,2.63,1
Mombasa,2026-01-10,-4.163810271508153,39.771285103328,21.01,27.75,1.59,15.89,0.0,1.47,1
Mombasa,2025-11-23,-3.9267859637135283,39.66779554725085,43.69,60.64,1.42,8.61,4.39,1.11,1
Mombasa,2025-11-07,-4.190868220000313,39.723979433343665,76.85,84.08,2.93,50.91,4.1,4.34,1
Mombasa,2026-02-22,-3.998231691143366,39.58470343859885,12.32,49.84,2.2,50.62,2.49,2.2,0
Mombasa,2026-02-03,-4.1785980938228375,39.676857321300794,35.77,92.19,2.07,6.53,4.18,0.27,1
Mombasa,2026-01-16,-4.091765851864434,39.65871028581824,16.32,32.28,0.5,8.05,1.58,6.97,1
Mombasa,2026-01-23,-4.07457013719673,39.65790106499292,43.65,63.6,2.96,48.59,4.89,2.21,1
Mombasa,2026-02-08,-4.14557871328279,39.59701116562066,38.53,65.74,1.34,33.88,1.48,3.5,0
Mombasa,2026-02-11,-4.043695769015347,39.705695261096636,18.08,36.9,1.76,56.09,0.0,1.66,0
Mombasa,2025-11-15,-4.039502471721625,39.71801807737837,26.08,31.13,0.91,20.64,0.0,7.5,1
Mombasa,2025-11-27,-4.1048868354191415,39.70908095374168,53.23,109.51,2.91,13.46,7.34,0.92,1
Mombasa,2026-02-22,-3.978873582134313,39.73568907977706,31.4,55.31,2.71,18.2,0.0,1.2,1
Mombasa,2025-12-19,-4.151939276814249,39.66455582660142,32.2,53.19,1.49,35.33,0.0,1.53,0
Mombasa,2025-11-14,-4.142247534312044,39.763149872624666,35.64,69.47,2.49,12.66,2.21,0.77,1
Mombasa,2026-01-18,-4.093646694586318,39.692803049890685,10.15,25.94,2.99,21.3,4.05,1.46,1
Mombasa,2025-12-24,-4.0864871599705745,39.77045250102937,18.85,52.51,2.68,31.69,3.1,5.17,1
Mombasa,2025-11-30,-4.138114243049804,39.65253868829682,19.3,59.28,0.76,5.67,2.96,2.79,0
Mombasa,2025-12-09,-3.9243872384573195,39.725034654813655,7.15,20.1,0.7,21.56,4.37,0.45,0
Mombasa,2026-01-22,-3.9515719291359157,39.59920125768539,26.96,50.69,1.36,0.0,2.57,3.01,1
Mombasa,2025-12-01,-4.1679369767230074,39.57076674957005,71.91,127.74,1.72,18.32,3.02,0.18,1
Mombasa,2026-02-13,-4.089154225301884,39.78287559788639,3.54,10.41,1.08,13.12,3.79,0.37,1
Mombasa,2025-11-17,-4.130198671310408,39.642709436222454,17.95,30.25,0.9,31.8,2.86,1.02,1
Mombasa,2026-02-01,-4.0646764191148375,39.56142462940071,8.74,23.08,1.08,34.04,0.14,2.02,0
Mombasa,2025-11-26,-4.117104844136762,39.70461337811946,14.12,44.37,2.89,25.79,3.53,0.33,0
Mombasa,2026-02-21,-4.049457932664473,39.78331530634178,18.88,47.2,2.52,26.66,0.0,1.77,0
Mombasa,2025-10-31,-3.923219054076613,39.74225224969522,42.67,60.24,0.89,16.75,4.56,1.73,0
Mombasa,2025-11-20,-4.08524665832105,39.796811778257585,18.76,37.24,1.57,0.0,2.95,5.63,1
Mombasa,2025-11-01,-4.00496150141141,39.783779231870795,18.93,26.88,2.61,20.63,5.5,0.81,1
Mombasa,2026-02-04,-4.021313666093888,39.66388336974601,38.53,76.54,1.18,22.94,2.74,5.86,1
Mombasa,2025-12-08,-3.9744139316573377,39.60847743681598,20.47,50.7,1.8,28.47,2.96,0.67,1
Mombasa,2025-12-19,-4.18150040094904,39.56630962092379,23.14,37.53,1.22,26.98,0.56,3.82,1
Mombasa,2025-11-27,-3.976552897895457,39.618030930549835,6.56,32.48,2.82,32.34,3.26,2.17,1
Mombasa,2025-12-07,-3.9161172218482716,39.70803803560042,29.12,80.94,1.78,25.66,3.32,2.04,1
Mombasa,2026-02-16,-4.0189321344913544,39.77772283149105,11.4,27.35,1.27,17.64,3.18,1.06,1
Mombasa,2026-01-22,-4.11372601736403,39.55042696951056,32.12,72.15,2.34,33.35,1.92,0.23,1
Mombasa,2025-12-12,-3.998289234471214,39.754371117390555,21.13,36.35,1.09,5.64,1.95,1.21,1
Mombasa,2025-11-01,-3.9863853639655815,39.741116198342574,4.08,29.84,1.14,2.4,0.71,1.24,0
Mombasa,2025-11-10,-4.003064914038419,39.722745636313654,13.72,19.38,2.81,7.94,1.47,1.83,0
Mombasa,2025-12-12,-4.1559209052919375,39.58196929080705,59.96,101.65,2.73,16.29,7.91,0.13,1
Mombasa,2025-12-01,-3.90795732951909,39.56331389316527,66.29,70.75,0.94,16.02,3.58,1.33,1
Mombasa,2026-01-15,-3.913384964453736,39.734188554639076,22.17,80.84,0.75,18.29,0.16,4.36,1
Mombasa,2026-01-08,-4.0726123401613075,39.71035231038373,71.9,79.83,2.7,17.87,0.36,3.95,1
Mombasa,2025-11-17,-4.0219088011773385,39.64247451848712,10.7,42.85,1.58,15.6,3.45,1.18,1
Mombasa,2025-12-27,-4.188111427839932,39.63637701669078,8.55,54.28,2.43,3.76,4.73,1.49,1
Mombasa,2026-01-30,-3.9034096996314185,39.5581608411297,34.76,51.23,1.37,14.09,3.25,4.36,1
Mombasa,2025-11-04,-3.95437650221301,39.798358567060475,37.99,55.55,0.65,2.19,4.14,11.59,1
Mombasa,2025-12-09,-4.009049297271099,39.75916053802085,24.86,39.42,0.81,20.63,2.29,0.56,0
Mombasa,2025-11-30,-3.971674576733494,39.79354769073447,18.96,35.56,1.66,0.0,0.0,1.63,1
Mombasa,2026-02-04,-4.143591021425224,39.754509368577345,16.29,21.69,2.36,17.94,0.29,1.69,1
Mombasa,2025-12-25,-4.107703622972145,39.66471322818621,5.79,9.95,2.78,14.36,1.12,1.61,1
Mombasa,2026-01-25,-4.126081906714284,39.76129119911269,44.84,85.19,1.28,35.88,0.42,0.62,1
Mombasa,2026-01-23,-4.021185263962455,39.59958937395434,49.91,103.35,1.55,12.96,5.92,2.93,1
Mombasa,2026-02-06,-4.172428544350868,39.718118664552335,19.17,32.88,2.28,11.91,1.5,1.79,0
Mombasa,2025-11-30,-3.9313170044355172,39.60930483628978,8.11,26.84,2.23,28.99,5.79,1.59,1
Mombasa,2026-01-28,-4.061317217360782,39.64811936658909,25.84,87.08,2.45,20.48,2.06,0.25,1
Mombasa,2026-01-26,-4.066556290513686,39.767920024713554,4.97,21.07,2.37,34.46,4.64,3.08,1
Mombasa,2025-10-31,-4.1685866089280275,39.65623777206552,8.29,20.05,1.82,24.17,2.56,0.94,1
Mombasa,2025-12-25,-3.994528788881966,39.773429011000445,59.08,104.47,2.39,24.48,3.86,2.04,1
Mombasa,2026-01-16,-3.9549318016972657,39.69988984417196,39.34,78.79,1.62,23.32,1.39,1.13,1
Mombasa,2026-01-11,-4.011134948561301,39.62343653530656,19.27,105.44,2.45,6.31,2.81,0.03,1
Mombasa,2026-02-14,-4.12739321776076,39.61508924120155,11.47,35.85,1.65,13.28,3.07,3.94,0
Mombasa,2025-11-27,-3.964373783524347,39.55084351463667,21.75,52.7,0.78,17.08,3.66,1.57,1
Mombasa,2026-01-17,-4.15629616998497,39.693024510482985,20.86,35.04,2.52,9.33,3.88,0.29,1
Mombasa,2026-01-11,-3.951817101306121,39.75964239197166,19.49,31.2,0.9,10.02,3.38,1.21,1
Mombasa,2025-12-28,-4.0257883888164345,39.60617961808426,7.9,40.75,1.86,0.0,5.3,0.44,0
Mombasa,2026-01-25,-4.113188156526469,39.66981077279306,21.49,58.64,2.33,27.0,4.48,4.7,0
Mombasa,2025-12-08,-4.046026980046879,39.79597401786481,19.01,34.02,2.08,24.08,1.77,1.27,1
Mombasa,2026-01-17,-4.011344579080606,39.64834683822965,19.91,47.87,1.9,11.18,0.0,0.43,0
Mombasa,2025-12-24,-4.122423150422207,39.784611708102986,15.02,37.82,2.94,24.05,2.25,3.59,1
Mombasa,2025-12-10,-3.9459280318620076,39.75664767871079,2.56,24.77,1.16,9.63,0.52,2.18,0
Mombasa,2025-11-25,-4.073623887420218,39.673653145268645,39.83,65.41,1.75,7.88,0.75,0.56,1
Mombasa,2026-01-04,-3.9322987628234305,39.70884104082225,31.83,34.72,2.36,24.55,1.82,1.93,1
Mombasa,2026-02-12,-3.9493594316557394,39.56639577672781,11.0,43.84,2.95,30.95,1.89,0.43,0
Mombasa,2025-11-21,-4.170195745752111,39.67910815150612,95.79,155.65,1.09,31.39,1.75,2.99,1
Mombasa,2026-02-11,-4.006123767165362,39.73998339481432,5.38,71.06,0.58,20.65,6.42,1.13,1
Mombasa,2025-11-08,-4.106851630051278,39.60759164793196,8.41,37.21,2.52,19.0,1.74,3.32,1
Mombasa,2026-02-24,-3.9737840409050476,39.56287167538987,15.98,31.74,2.11,16.88,4.15,0.19,1
Mombasa,2025-12-24,-4.037210502765681,39.55735029787208,41.22,86.73,1.62,26.96,1.34,0.71,1
Mombasa,2025-12-18,-4.062720337604485,39.5900789352871,3.54,61.55,2.78,9.55,5.2,1.24,1
Mombasa,2026-02-08,-3.9313899646388815,39.609441749532046,53.93,66.1,2.94,13.93,5.04,4.37,1
Mombasa,2025-11-12,-4.18282393205995,39.751350421850134,81.35,117.31,1.43,31.9,1.14,0.21,1
Mombasa,2025-11-05,-4.0328047122396065,39.664778634985694,44.65,62.8,1.56,1.94,4.72,12.73,1
Mombasa,2026-02-06,-4.101626670210997,39.68388959436411,115.69,126.83,1.9,15.11,1.9,0.06,1
Mombasa,2025-11-24,-4.189417999105961,39.628275264521704,29.46,64.78,1.47,20.74,4.15,0.43,1
Mombasa,2025-12-11,-3.9739444443891245,39.62470708200655,23.76,26.64,1.61,3.34,4.38,1.47,1
Mombasa,2026-02-06,-4.031477803179337,39.68837137308001,8.34,43.82,1.09,18.86,3.11,1.59,1
Mombasa,2026-01-12,-3.9317563989131354,39.73644725330958,30.29,46.78,2.59,15.27,5.83,1.36,1
Mombasa,2026-01-26,-4.0205216317284505,39.595172541554454,62.94,73.71,1.61,32.58,0.0,0.31,1
Mombasa,2026-02-24,-4.09888971617092,39.65866236248085,35.52,66.06,2.76,15.54,0.62,2.37,1
Mombasa,2025-11-24,-3.904434103386136,39.71102173807263,30.02,47.18,2.55,21.85,1.79,2.81,1
Mombasa,2025-12-23,-4.1652857848172085,39.79002347013725,15.38,43.17,1.74,21.42,0.0,2.24,1
Mombasa,2025-10-31,-4.184219477226364,39.617350921721375,55.79,158.26,1.0,16.08,0.32,4.81,1
Mombasa,2026-02-12,-3.980213427164376,39.64821601066899,33.82,42.2,0.54,16.79,1.44,0.98,0
Mombasa,2026-02-13,-4.088737530213155,39.69232557399563,22.01,39.85,1.2,26.89,3.84,0.97,0
Mombasa,2026-01-27,-4.0915604764114395,39.585474388771274,5.61,63.11,2.53,34.77,5.61,0.64,1
Mombasa,2025-11-23,-3.937040353053128,39.7028957429289,9.47,24.75,1.89,13.19,2.88,3.31,0
Mombasa,2026-01-19,-4.101811906045384,39.793614311704886,22.35,33.09,2.43,13.31,2.51,0.25,0
Mombasa,2025-12-29,-3.933303420934767,39.618355064605794,76.11,89.93,0.75,8.81,2.74,5.27,1
Mombasa,2025-12-24,-4.0068036062305135,39.67014538965093,6.4,41.42,2.39,13.15,0.0,5.89,1
Mombasa,2025-12-20,-4.101285136833972,39.57940956619918,11.96,19.47,2.97,7.81,0.0,1.5,1
Mombasa,2025-10-30,-4.18214020367626,39.67951506289553,34.26,46.34,0.57,18.78,5.05,1.15,1
Mombasa,2025-11-17,-4.126467194207833,39.792894229588356,43.69,78.73,0.83,18.46,2.82,1.15,1
Mombasa,2025-11-03,-3.909476039634945,39.68559406494087,71.72,82.5,2.64,11.99,1.87,3.43,1
Mombasa,2026-01-24,-4.078419707929814,39.60337536307233,28.39,81.41,1.45,12.32,3.21,6.64,1
Mombasa,2026-02-15,-4.151989961566402,39.627689310006495,36.79,74.82,1.3,41.69,3.94,0.43,0
Mombasa,2025-11-15,-4.110596025239744,39.706601859911075,26.69,55.22,2.62,24.61,0.31,3.21,1
Mombasa,2026-02-03,-3.9301272663416027,39.76425585945309,26.89,40.19,2.7,20.75,6.44,3.6,0
Mombasa,2025-11-21,-4.15050698534745,39.66335942288996,15.87,65.18,2.98,36.29,2.4,1.04,1
Mombasa,2025-11-12,-3.9666419800298156,39.67253003044774,52.7,77.62,1.13,4.77,0.8,1.08,1
Mombasa,2025-12-04,-4.159540610580931,39.752338830106055,88.65,95.85,1.95,16.77,5.34,0.03,1
Mombasa,2026-02-02,-3.911581885968623,39.57632342932315,33.01,39.18,0.75,32.12,4.66,0.63,0
Mombasa,2025-11-07,-4.040938384172532,39.787811402206685,21.53,25.41,1.76,23.72,2.63,1.56,1
Mombasa,2025-11-19,-4.187049019320744,39.66619126535329,14.88,20.97,2.6,24.6,2.5,1.61,1
Mombasa,2026-02-04,-3.92071359667794,39.63291246456493,11.71,38.24,1.33,19.01,2.57,2.52,0
Mombasa,2025-11-07,-4.092532336662264,39.74463622368423,50.85,81.41,1.78,19.44,4.17,3.25,1
Mombasa,2026-02-08,-3.980573616329968,39.61411815595931,20.96,32.36,2.17,36.62,4.84,0.89,1
Mombasa,2026-02-12,-4.042887595560075,39.58660915710821,4.24,42.6,0.68,40.49,0.51,0.67,1
Mombasa,2026-01-09,-4.172225459056513,39.614530420730134,31.78,74.06,1.22,14.24,8.19,0.47,1
Mombasa,2025-12-05,-4.168182234593832,39.71813271744771,22.58,35.4,1.42,14.91,3.55,1.16,1
Mombasa,2026-01-11,-4.155232514792674,39.57516699505391,37.66,68.86,2.79,4.57,4.53,0.36,1
Mombasa,2026-01-22,-4.1516399972349465,39.662827268183946,6.38,32.51,2.24,15.85,3.54,2.09,1
Mombasa,2025-11-15,-4.184173262062649,39.60888983036603,15.64,39.28,2.06,8.71,4.99,0.21,1
Mombasa,2025-11-07,-4.18589605049013,39.686419541442184,43.15,80.43,1.1,18.12,2.26,2.19,1
Mombasa,2025-12-16,-3.9154715111823846,39.584570110444304,12.93,54.84,2.63,28.48,1.23,0.19,1
Mombasa,2026-01-05,-4.172612463003116,39.7434915667339,19.49,62.19,1.07,12.91,1.59,3.27,1
Mombasa,2026-02-20,-4.047494497233483,39.78097814145134,71.73,122.23,2.42,20.87,2.31,3.68,1
Mombasa,2026-02-07,-4.164411053887927,39.629839804437054,31.15,66.11,1.18,10.68,4.49,1.87,0
Mombasa,2026-01-18,-4.135563644637387,39.63861964155588,45.08,64.35,2.87,25.76,3.82,6.94,1
Mombasa,2026-02-08,-3.9710783781656747,39.699521309993074,40.96,66.95,0.63,23.33,6.06,0.87,1
Mombasa,2025-12-12,-3.918559553691495,39.73470458468008,38.64,47.18,0.78,9.94,3.23,1.16,1
Mombasa,2026-02-14,-4.0590861915830345,39.564568420819135,90.6,149.75,2.73,3.66,4.95,0.48,1
Mombasa,2026-01-30,-4.198307413824301,39.71869454880343,20.98,42.65,0.91,21.0,0.58,1.7,1
Mombasa,2025-12-07,-3.900237509580802,39.753562061148436,5.84,13.49,1.97,0.0,1.3,1.13,1
Mombasa,2026-01-10,-4.18566803619422,39.748130302282235,26.5,112.87,1.4,18.59,2.55,7.87,1
Mombasa,2025-12-14,-4.083165628790839,39.6596503454895,14.08,61.36,1.94,23.82,3.34,1.76,1
Mombasa,2025-12-09,-4.038282989795509,39.75569260882432,8.45,47.62,2.03,0.0,6.01,0.02,1
Mombasa,2026-02-19,-3.932479968733734,39.686769170972404,38.0,77.91,1.69,17.05,0.0,0.41,1
Mombasa,2026-01-27,-3.9530663665018375,39.596681272187226,11.72,43.29,1.74,21.84,2.38,2.31,0
Mombasa,2026-01-04,-4.0171840076866125,39.621434209751214,1.53,26.4,2.34,23.27,2.13,3.79,1
Mombasa,2026-02-15,-4.080419312707241,39.698183989602704,26.54,54.35,0.96,7.15,3.25,1.85,1
Mombasa,2026-02-16,-3.9496563842513197,39.68811870085922,21.77,44.32,2.25,21.83,0.69,6.77,1
Mombasa,2025-11-10,-3.9392824841082987,39.75054206802388,17.52,44.19,0.58,22.13,2.65,3.83,0
Mombasa,2025-11-10,-3.938428527796204,39.72872337063967,3.11,43.05,2.47,23.19,1.77,2.83,1
Mombasa,2026-02-21,-3.9847090693759952,39.60326503741559,30.17,67.51,1.51,14.82,1.59,2.3,1
Mombasa,2025-11-19,-4.170663796806625,39.64934658267461,55.72,66.68,2.21,27.56,1.74,0.9,1
Mombasa,2025-12-07,-4.110426171559681,39.74451854520819,7.66,23.26,0.87,29.62,3.78,0.06,0
Mombasa,2026-01-02,-4.054223383203758,39.66452953189538,27.45,70.86,2.91,40.85,2.45,1.6,1
Mombasa,2025-11-28,-4.048483989839598,39.606257564740716,16.24,48.51,2.81,20.43,4.41,2.33,1
Mombasa,2026-02-23,-3.9501379761787456,39.784273691742584,11.19,19.51,2.69,20.85,0.0,4.09,1
Mombasa,2025-12-25,-4.128648967889124,39.662268898617995,28.6,52.67,2.54,16.61,2.37,1.81,1
Mombasa,2026-01-11,-4.000622773335342,39.62718173188025,5.6,32.17,2.38,34.73,0.0,1.15,1
Mombasa,2026-02-11,-4.0877400307615215,39.677814567658224,52.19,82.31,0.55,11.98,0.92,0.19,1
Mombasa,2025-12-17,-3.967355234032093,39.62522958965894,17.97,37.87,1.67,18.32,0.5,1.15,0
Mombasa,2026-02-01,-4.1412677012032635,39.61759593993141,39.62,50.92,1.02,30.17,5.2,7.12,1
Mombasa,2026-02-24,-4.0570118119820915,39.71538294709964,15.55,22.88,0.68,22.86,2.51,1.71,0
Mombasa,2026-01-29,-4.168932425890978,39.74880832714028,10.7,71.28,2.24,20.68,2.08,2.84,1
Mombasa,2026-01-06,-4.136402947760107,39.65220793415963,18.42,26.84,2.98,19.68,1.59,5.57,1
Mombasa,2026-01-28,-3.919447594096719,39.59023504143941,39.76,77.58,2.93,21.0,3.15,0.55,1
Mombasa,2025-11-02,-4.105185866847652,39.668948846972555,52.25,80.25,1.48,21.19,4.53,0.61,0
Mombasa,2026-02-19,-3.9321068987730006,39.650400185558205,29.15,53.06,1.07,31.19,2.93,2.81,1
Mombasa,2026-01-15,-4.042709073754313,39.65892782478927,38.31,50.81,2.01,26.05,3.2,0.06,1
Mombasa,2025-11-05,-4.188290054557433,39.609968999006576,54.09,82.47,0.84,3.78,2.84,0.79,1
Mombasa,2025-12-21,-3.962105495299843,39.742399342281615,19.25,62.91,2.54,6.68,0.0,3.23,1
Mombasa,2026-01-08,-4.184412931460253,39.60055690263502,22.65,28.69,2.74,29.52,0.0,3.44,0
Mombasa,2025-11-27,-3.9519169414908033,39.55966163123539,48.48,61.36,2.03,34.53,1.83,0.4,1
Mombasa,2025-11-14,-4.197360266789916,39.7250284078146,31.58,43.25,2.71,19.38,1.62,0.0,1
Mombasa,2026-01-18,-3.997766601795998,39.73562528494385,23.31,39.75,1.01,10.74,3.17,6.4,1
Mombasa,2026-02-21,-4.150285822576165,39.60968983899073,32.86,55.72,2.69,33.17,4.25,1.4,1
Mombasa,2025-12-25,-4.097137428562176,39.5933514800672,6.78,39.59,1.3,26.12,1.16,1.4,1
Mombasa,2026-01-22,-3.9141745815613955,39.69513281985155,27.2,60.53,1.78,22.32,3.69,2.2,0
Mombasa,2025-11-27,-4.054129958060744,39.779907608562596,18.93,28.55,2.81,4.61,1.83,2.99,1
Mombasa,2026-02-06,-4.0027720844514425,39.61349582430296,44.85,112.76,1.76,7.56,2.19,0.87,1
Mombasa,2026-02-24,-3.9777794711215546,39.68500104904918,54.97,83.41,2.5,1.46,0.0,1.54,1
Mombasa,2026-01-15,-4.167021607038836,39.61609455494291,18.86,27.92,1.04,15.98,2.48,3.05,1
Mombasa,2025-12-21,-3.9483612725667063,39.735411945299006,30.95,77.56,0.62,24.04,5.27,0.93,1
Mombasa,2025-11-13,-3.9258240183832345,39.66677409765084,31.68,44.15,2.86,10.16,0.0,1.65,1
Mombasa,2026-02-15,-4.153373804295177,39.644739087253775,42.87,71.1,2.8,0.0,2.01,0.84,1
Mombasa,2025-12-09,-4.036128471331568,39.71403514395204,24.2,35.99,2.46,13.35,2.65,5.65,0
Mombasa,2026-02-09,-4.114948463043822,39.68285488518101,35.85,73.67,1.74,13.02,2.53,0.1,0
Mombasa,2025-11-01,-3.977805980742063,39.60028733771723,8.69,38.85,1.08,6.84,5.63,2.65,1
Mombasa,2025-12-15,-4.19151888214275,39.654053060623944,32.9,56.79,0.6,23.59,3.92,1.45,0
Mombasa,2026-02-01,-4.046235898967584,39.789123376979056,190.09,211.75,2.64,32.53,2.04,2.07,1
Mombasa,2025-11-15,-3.9621555433930085,39.750283803517085,30.44,53.49,2.74,24.08,4.72,0.49,1
Mombasa,2025-11-05,-3.9795789276622417,39.67802715113319,49.28,69.06,1.1,24.57,1.49,6.22,0
Mombasa,2025-12-03,-4.167544850569908,39.71511581288345,41.53,45.12,2.14,6.84,1.59,1.31,1
Mombasa,2026-01-22,-3.9501179673798674,39.58559285610816,8.72,26.78,1.76,25.66,4.98,2.48,0
Mombasa,2025-12-16,-4.1286477809648785,39.653298343253404,50.32,67.44,1.73,16.83,5.95,0.19,1
Mombasa,2026-01-10,-3.9576637106349506,39.773704092370515,2.83,42.78,1.71,17.26,3.88,0.69,0
Mombasa,2026-01-20,-4.0508613504412665,39.59703008551665,5.36,22.94,1.78,2.44,0.32,4.73,0
Mombasa,2025-11-07,-4.151752270458812,39.79548033362478,33.33,59.43,0.66,21.19,0.0,0.03,1
Mombasa,2025-11-17,-3.9797877967298976,39.762027771198184,32.14,60.52,1.06,9.1,4.43,0.88,1
Mombasa,2025-12-14,-3.957626114358241,39.721532024563494,30.5,42.02,1.09,31.42,4.79,0.45,1
Mombasa,2025-11-23,-3.9903296550042153,39.64340603782513,34.7,126.56,1.5,12.46,1.09,0.81,1
Mombasa,2026-01-20,-3.9105460982919116,39.5730193878758,135.45,157.12,1.47,0.47,5.39,1.95,1
Mombasa,2025-12-03,-4.1231566646382145,39.62367095255479,54.11,96.69,2.95,11.9,1.53,3.95,0
Mombasa,2026-01-12,-4.129271301900606,39.735249118627486,13.39,19.39,2.81,11.34,0.0,1.53,1
Mombasa,2026-01-21,-4.1558309724565206,39.655405341158925,29.65,45.38,2.24,10.73,2.6,4.76,1
Mombasa,2026-01-28,-4.038178137014803,39.750721508405405,20.52,73.93,1.43,17.28,3.28,2.45,0
Mombasa,2026-02-05,-4.080165353284285,39.60394911909995,48.16,89.2,1.91,18.19,0.26,5.54,1
Mombasa,2026-01-16,-4.093001385385628,39.75593653252272,11.14,16.39,1.7,16.94,4.49,0.36,1
Mombasa,2025-12-09,-4.061908619720442,39.76502789583527,1.48,29.06,1.42,23.48,1.83,4.14,1
Mombasa,2025-11-01,-4.117637331621278,39.73054929090617,109.24,134.85,2.64,16.4,4.29,2.78,1
Mombasa,2025-12-04,-4.198721886700482,39.60100353383709,50.58,57.06,2.43,0.52,3.47,5.75,1
Mombasa,2026-01-21,-4.058474793344576,39.60572286024449,10.74,20.29,2.28,26.1,0.0,0.08,1
Mombasa,2026-02-22,-4.1172346450475565,39.56607359927122,21.56,87.26,1.43,20.03,0.05,0.2,0
Mombasa,2025-11-02,-4.065064917321034,39.562825336673114,34.64,43.27,1.51,14.3,3.08,0.02,1
Mombasa,2025-11-21,-3.9213374657965216,39.734767408045926,28.98,53.13,1.4,0.0,1.95,0.01,1
Mombasa,2025-11-13,-4.1462983779495834,39.67287916016219,88.66,119.07,2.22,9.93,5.05,0.56,1
Mombasa,2025-11-13,-4.008754926597957,39.74037780463774,27.34,40.36,2.34,3.15,2.63,1.7,1
Mombasa,2025-11-20,-4.006675531121267,39.62068654295174,4.78,11.15,2.52,16.76,0.82,1.05,1
Mombasa,2025-12-27,-4.115612044933011,39.63631671827115,42.62,67.36,1.92,2.78,6.36,0.29,1
Mombasa,2025-12-13,-4.05873360098128,39.77367589906449,12.8,146.11,1.24,32.75,1.01,2.87,1
Mombasa,2026-02-22,-3.9091165075106025,39.79934585015363,12.29,44.4,2.5,19.65,0.74,0.31,1
Mombasa,2025-10-31,-4.097261962379658,39.57543898561968,13.16,33.94,2.06,24.57,0.0,8.65,1
Mombasa,2026-02-07,-3.9862964452643452,39.744813022998294,48.35,82.43,2.91,11.84,5.11,0.74,1
Mombasa,2026-01-05,-3.947934253295607,39.68903714446022,47.27,57.22,1.43,0.0,4.16,0.1,1
Mombasa,2025-11-27,-4.09179266768491,39.55113719716674,12.17,35.87,0.91,40.47,1.5,0.39,0
Mombasa,2026-02-02,-3.9030257597840308,39.70413753632771,13.4,25.38,2.59,32.89,0.0,0.06,1
Mombasa,2026-02-20,-4.0122392278567105,39.619982046873595,38.31,70.92,0.5,13.69,3.64,0.52,0
Mombasa,2025-10-29,-4.049704418821824,39.63764076664632,29.53,45.44,0.9,22.83,5.16,2.19,0
Mombasa,2026-02-22,-3.9855277447481248,39.79231972183227,13.51,44.69,2.02,36.59,1.65,0.9,0
Mombasa,2025-11-05,-4.072851019840033,39.73566947835925,2.7,42.17,2.23,28.14,0.64,0.02,1
Mombasa,2025-11-13,-3.986301983146922,39.56363043509097,2.1,68.93,1.13,7.39,2.01,0.82,1
Mombasa,2025-12-13,-4.117559284999619,39.72024394927927,28.63,38.88,0.58,14.04,2.7,0.84,1
Mombasa,2025-11-13,-3.9218375056962933,39.55324891455028,25.42,61.36,1.89,33.43,2.58,0.63,1
Mombasa,2025-11-30,-4.0374111486198725,39.771548464089335,21.08,35.47,2.45,39.12,2.63,2.7,1
Mombasa,2026-01-10,-4.127505151923823,39.69917062914068,2.1,16.77,2.98,24.79,1.26,0.3,1
Mombasa,2026-02-08,-4.06884099947055,39.707705327532985,44.91,56.93,1.28,20.05,1.99,1.59,1
Mombasa,2025-11-26,-3.9314710378137314,39.55411218830784,24.83,33.93,1.27,29.1,5.09,0.06,1
Mombasa,2026-02-09,-3.957883404278366,39.57094646751799,23.3,65.31,2.27,25.86,3.37,1.24,1
Mombasa,2026-02-18,-4.054659314388401,39.68153822718904,33.55,42.14,2.46,41.02,7.51,2.95,0
Mombasa,2025-12-06,-4.094489496977901,39.64543365206647,32.36,60.62,1.22,17.76,2.69,0.82,1
Mombasa,2026-01-21,-4.087125775769313,39.75457386901452,15.24,48.16,0.78,17.39,1.82,0.21,0
Mombasa,2025-11-16,-3.905641392721277,39.620993017629715,64.77,111.39,1.13,13.33,3.55,1.63,1
Mombasa,2025-11-30,-4.16633616446049,39.649916420828994,50.15,72.77,1.13,35.76,5.36,7.71,0
Mombasa,2026-02-03,-3.9332928313292372,39.57999968477726,21.08,43.14,1.78,12.67,2.48,2.54,1
Mombasa,2025-11-04,-3.94271733797199,39.67571773248171,38.83,52.81,0.98,23.15,2.88,1.26,1
Mombasa,2026-01-29,-4.132683478218812,39.78875539295463,14.98,20.57,0.69,15.35,5.16,1.78,0
Mombasa,2026-02-23,-4.095192379749606,39.61647421833219,27.82,72.0,2.91,30.38,3.13,0.85,1
Mombasa,2026-01-26,-4.02913203398237,39.74770790780964,66.7,88.26,2.02,28.86,2.05,1.0,0
Mombasa,2026-02-02,-3.9592821888779257,39.59098902852582,12.81,61.6,0.54,18.29,0.0,3.48,1
Mombasa,2025-11-02,-3.914866378398559,39.771475734930966,37.41,83.23,2.29,26.97,2.91,4.26,1
Mombasa,2025-11-08,-3.9024573889250695,39.67815829630887,21.18,32.81,0.95,14.23,0.0,1.54,1
Mombasa,2025-12-25,-4.1156304879353325,39.581452041237796,61.67,78.19,1.49,18.04,0.33,2.77,1
Mombasa,2026-01-04,-4.142290927697745,39.74567415902954,48.83,81.11,1.87,35.45,1.15,3.59,1
Mombasa,2026-01-26,-4.053682454199754,39.7718966778545,20.91,65.94,2.33,25.47,0.0,1.88,0
Mombasa,2025-11-30,-4.03273082971978,39.58626529214817,50.37,77.33,2.91,3.79,1.09,5.07,1
Mombasa,2025-11-01,-4.002988595882018,39.579353980077975,15.97,24.91,1.13,15.25,1.78,1.79,0
Mombasa,2025-12-17,-4.167722660305699,39.61284711628127,31.52,75.25,0.6,10.15,1.72,1.55,1
Mombasa,2026-02-10,-4.006093194193454,39.678737110866344,3.41,22.76,1.0,23.25,2.18,2.64,0
Mombasa,2025-12-21,-3.9235862757964983,39.787527586847816,27.56,53.24,1.32,7.93,3.91,1.92,1
Mombasa,2025-11-09,-3.9254396796511375,39.765149794825355,29.64,87.75,1.04,11.42,0.34,4.49,1
Mombasa,2026-01-12,-3.9168678002099773,39.63115649385074,7.58,27.74,1.56,30.1,5.02,3.09,0
Mombasa,2026-01-10,-3.923298120740435,39.55931499552066,20.81,47.96,1.57,0.0,0.0,1.54,1
Mombasa,2025-12-26,-3.911766651755207,39.69892696555779,16.38,43.95,2.87,32.22,0.0,2.42,1
Mombasa,2026-02-18,-4.185392238865095,39.69369051844642,8.98,15.11,2.87,14.52,0.0,4.44,0
Mombasa,2026-02-17,-3.92519454278932,39.61038443553412,1.93,27.44,1.59,24.31,3.7,1.11,0
Mombasa,2025-10-31,-4.118636157632369,39.70089016512647,11.73,20.88,1.41,23.37,1.64,0.82,1
Mombasa,2026-02-07,-4.103800279360153,39.79539857595092,8.64,11.83,2.71,3.65,1.53,3.64,0
Mombasa,2026-01-12,-4.062415727715611,39.58609673791002,38.89,64.1,2.25,26.22,2.11,0.19,1
Mombasa,2026-01-22,-3.9134158814977096,39.628700593357784,28.56,54.31,2.72,8.61,4.8,1.48,1
Mombasa,2025-11-28,-4.018473329203281,39.761983387727454,31.91,42.27,1.56,20.26,5.02,0.1,1
Mombasa,2026-02-04,-4.094192035004389,39.58979372215419,15.21,50.07,0.55,0.0,3.83,2.47,0
Mombasa,2026-02-24,-4.08775270573417,39.582192198983606,23.61,36.25,1.25,31.41,1.78,5.16,1
Mombasa,2026-01-12,-3.9285214533530497,39.59300546443994,56.76,73.53,1.0,19.35,1.0,6.57,1
Mombasa,2025-11-10,-3.953295729529209,39.74242438761766,2.69,42.04,2.05,15.72,2.6,0.93,1
Mombasa,2026-01-15,-4.158738683929207,39.581857507872854,36.39,54.0,1.98,27.28,4.98,3.84,1
Mombasa,2026-02-14,-4.125395440152849,39.572781146099366,25.43,45.42,0.78,24.11,0.17,2.11,1
Mombasa,2026-02-05,-4.088416439679228,39.70673928194823,14.55,29.14,2.5,34.53,2.76,0.51,1
Mombasa,2025-12-31,-4.1349774029129485,39.74170754433848,29.04,60.92,2.2,18.63,4.29,0.12,1
Mombasa,2025-11-21,-4.030955474185915,39.7390866086638,40.85,63.0,1.54,19.02,3.2,1.81,1
Mombasa,2025-11-15,-4.132908372016206,39.65827572514504,25.59,28.66,1.6,26.74,4.53,0.85,0
Mombasa,2026-01-07,-4.027522651065901,39.779150074629406,17.95,60.21,1.67,26.81,1.94,4.17,1
Mombasa,2025-11-10,-3.9191926135781436,39.58771882221805,25.44,39.58,2.21,20.05,7.67,5.41,1
Mombasa,2025-12-21,-3.945397207339924,39.66038038817786,60.82,74.9,1.72,29.86,1.03,1.67,0
Mombasa,2026-02-17,-4.17022096107523,39.642321788811984,22.37,46.98,2.75,6.38,2.38,1.89,1
Mombasa,2026-01-02,-4.137928560488872,39.68654650637016,7.09,26.27,2.07,29.66,4.0,0.28,0
Mombasa,2025-12-04,-4.0761752273208005,39.598315565463196,19.44,45.94,1.41,32.9,2.9,0.82,0
Mombasa,2025-11-21,-4.006161727002226,39.586780722898844,10.3,29.42,2.44,3.62,1.14,3.31,1
Mombasa,2026-01-25,-4.084030091149534,39.79583958373796,7.11,28.79,1.95,27.27,3.09,1.38,1
Mombasa,2025-11-07,-4.1245162894979375,39.625531544354246,30.81,61.06,0.97,21.04,5.38,0.75,0
Mombasa,2025-11-13,-4.096602288861379,39.67492547264963,59.7,78.8,2.16,27.9,2.41,1.51,1
Mombasa,2026-01-08,-4.138795924041063,39.779067087974774,31.61,50.12,2.74,5.52,1.61,1.4,1
Mombasa,2025-10-30,-3.9414399841431953,39.62566296593356,26.52,31.18,1.65,10.99,4.1,1.25,1
Mombasa,2025-11-13,-3.9908244862970013,39.64164900507342,9.32,28.53,1.95,0.73,6.74,1.25,1
Mombasa,2026-02-14,-4.076691269278217,39.690788781539965,13.91,16.74,0.69,19.81,1.78,1.62,0
Mombasa,2026-01-14,-3.9898705715370086,39.56701559377787,45.71,52.75,0.64,20.86,1.49,5.8,1
Mombasa,2025-11-09,-4.044081204756382,39.55584428338247,15.99,41.52,1.14,23.47,4.09,4.16,0
Mombasa,2026-02-02,-4.042121336652429,39.70818964620138,16.08,32.12,2.88,43.62,7.4,1.55,0
Mombasa,2026-02-14,-4.089793317460814,39.64272032760863,28.65,48.7,0.76,5.65,0.64,0.09,0
Mombasa,2025-11-14,-4.053534492428308,39.569875306569095,32.27,73.83,1.29,8.88,3.77,4.12,1
Mombasa,2025-12-31,-3.904345127491389,39.62165943463244,12.76,28.79,2.14,17.66,0.92,2.04,1
Mombasa,2025-12-25,-3.9646605398061756,39.723364106725604,23.75,50.08,2.73,40.53,0.91,0.26,1
Mombasa,2025-12-19,-3.951689912204477,39.739901660618585,3.29,17.56,2.9,3.02,6.09,4.2,0
Mombasa,2026-01-14,-4.162688444572746,39.67634903527275,49.76,54.6,2.1,26.01,0.68,1.47,1
Mombasa,2026-01-17,-4.048717805074604,39.60519103812454,12.96,44.98,0.61,18.12,0.0,0.52,0
Mombasa,2025-11-14,-4.089929717879381,39.75987401021985,43.13,51.73,1.6,24.78,5.31,3.23,0
Mombasa,2025-12-15,-4.1733279087817365,39.60192325406254,32.26,68.65,2.75,0.0,3.81,0.63,0
Mombasa,2026-01-11,-4.081416892129096,39.73922888746388,5.46,12.99,1.27,28.53,2.18,3.56,1
Mombasa,2026-01-26,-4.177743697580323,39.58830599433879,15.48,38.67,0.51,14.57,3.21,1.92,1
Mombasa,2026-01-12,-4.129794085660426,39.78371328343736,19.75,38.48,2.81,17.34,3.31,0.8,1
Mombasa,2026-01-07,-3.960371186624517,39.74334269550551,41.42,64.28,2.73,28.32,7.26,0.75,1
Mombasa,2026-01-08,-3.99413475712681,39.67530994025863,33.6,48.63,2.32,15.12,1.61,0.63,1
Mombasa,2026-02-21,-3.990436008496022,39.65854282383492,12.75,23.21,0.92,2.03,0.23,0.33,1
Mombasa,2026-01-07,-4.1761926369207565,39.693243937057225,6.46,31.94,2.29,11.98,2.65,0.55,1
Mombasa,2025-11-06,-4.150805316723832,39.71527858173894,44.25,56.21,0.81,32.15,0.54,0.87,1
Mombasa,2026-01-23,-4.19352475677874,39.689470665574014,76.25,98.04,1.12,19.19,1.57,0.65,1
Mombasa,2025-12-03,-4.170745641926992,39.72395429396277,19.86,26.54,0.56,4.84,0.96,1.09,1
Mombasa,2026-02-12,-4.169634359271565,39.57192026178603,17.11,36.53,1.04,57.23,1.06,0.81,0
Mombasa,2025-11-06,-3.91195659251367,39.654292411763734,19.22,56.56,2.72,0.37,2.9,3.54,1
Mombasa,2026-01-29,-3.9318146209586,39.73837054899963,13.68,16.87,2.37,23.11,1.96,1.55,1
Mombasa,2025-12-23,-4.138723806433971,39.65958799700254,69.57,95.57,2.19,14.88,4.39,0.38,1
Mombasa,2026-02-10,-4.123856113587714,39.79266606966506,15.3,19.03,2.0,26.71,0.0,1.61,0
Mombasa,2025-11-24,-3.911736645259262,39.68349620361755,11.37,25.1,1.05,6.01,3.01,0.59,1
Mombasa,2026-01-29,-4.029000705862343,39.62773823278015,48.89,59.01,0.72,19.57,1.1,2.6,1
Mombasa,2025-11-29,-4.089443012193086,39.77302106424649,6.49,28.11,1.13,11.64,3.1,1.2,0
Mombasa,2026-01-25,-4.060036712557468,39.65555488305441,17.89,43.39,2.65,16.45,0.71,5.78,1
Mombasa,2025-12-09,-4.118337015396642,39.686546430130676,13.08,24.66,1.79,31.69,0.39,0.18,1
Mombasa,2025-12-03,-4.024926816003181,39.71034354387865,31.5,67.09,0.68,25.96,3.39,0.36,1
Mombasa,2026-01-04,-3.9824184532830653,39.76400204082648,11.6,13.25,1.21,15.91,1.99,2.52,1
Mombasa,2026-01-03,-4.04536552327854,39.602359671460235,15.66,28.11,1.63,0.99,2.79,0.52,1
Mombasa,2025-11-20,-3.953800099638441,39.7684501348746,4.6,13.31,0.94,14.57,4.15,0.11,0
Mombasa,2026-01-20,-4.1660368394817064,39.69343292191446,35.2,56.23,0.77,12.09,2.05,1.59,1
Mombasa,2025-12-27,-4.018904107842626,39.641611107258825,30.17,48.2,1.72,0.0,1.51,4.81,0
Mombasa,2025-12-16,-3.9031193108083606,39.63381128426152,26.78,81.94,2.69,23.24,2.81,1.23,1
Mombasa,2025-11-09,-4.155276285039733,39.79544519929492,20.64,56.39,1.08,23.07,4.44,1.42,0
Mombasa,2026-02-25,-4.051489180081267,39.78676996101229,23.18,26.83,1.59,14.53,2.09,0.0,1
Mombasa,2026-01-31,-4.0109564146674765,39.686400836293366,40.69,64.8,2.49,1.44,3.49,3.16,1
Mombasa,2025-11-15,-4.09874117393646,39.63659218445111,29.21,42.81,1.91,13.49,0.36,10.53,0
Mombasa,2026-02-15,-3.910614804224256,39.79346962413011,40.76,70.92,2.08,2.15,3.46,0.08,1
Mombasa,2026-02-25,-4.054376877692364,39.55408524150761,22.66,32.4,2.29,15.13,4.14,0.41,1
Mombasa,2025-12-28,-4.056390394104681,39.5622313133627,12.81,18.6,2.54,24.65,6.57,0.4,0
Mombasa,2025-12-26,-3.929200888672088,39.6716517258892,55.16,67.01,0.63,0.01,5.49,3.55,1
Mombasa,2026-01-26,-4.195226876626668,39.69674777727497,11.77,45.65,1.93,20.9,0.64,7.73,1
Mombasa,2026-01-09,-3.9393344523070017,39.551636955907746,4.25,14.57,0.72,12.83,1.32,5.66,0
Mombasa,2025-12-15,-4.161277979763674,39.59687372084975,6.03,30.45,0.9,7.45,5.12,0.48,1
Mombasa,2025-11-25,-4.086249474532081,39.571551155666114,20.82,49.36,0.63,37.5,3.47,0.82,1
Mombasa,2026-01-06,-4.053463148870706,39.6124505828801,48.73,51.21,0.94,14.59,5.02,2.32,1
Mombasa,2026-02-24,-4.057032390925302,39.595719208114694,35.36,51.88,2.68,34.53,0.0,0.57,0
Mombasa,2026-02-14,-4.188177432549565,39.58107092558314,44.38,68.11,0.92,13.68,2.27,4.84,1
Mombasa,2025-12-05,-4.104867861781714,39.582364756294965,60.91,113.49,0.55,5.51,1.96,0.99,1
Mombasa,2025-11-09,-4.092961592889797,39.642848036117606,20.89,36.42,1.14,28.7,2.82,0.56,1
Mombasa,2026-02-16,-3.9131462019408167,39.58218435534159,12.38,20.04,2.42,8.94,1.17,0.39,1
Mombasa,2026-01-05,-3.9249043875064227,39.74335546889055,40.7,47.43,1.82,15.15,1.17,6.8,1
Mombasa,2025-11-07,-4.024695409741021,39.65069569841126,82.02,121.56,1.86,30.71,1.64,0.3,0
Mombasa,2025-12-05,-3.9199896885188057,39.579206280996345,72.58,94.59,2.15,21.55,0.98,7.91,1
Mombasa,2026-02-06,-3.9408862789966608,39.71283745884605,14.23,25.24,1.28,32.23,1.35,0.21,1
Mombasa,2025-11-06,-4.087283189665042,39.74704601199005,17.73,40.2,2.47,5.53,1.0,3.35,1
Mombasa,2025-12-20,-4.164909944683299,39.63991345908238,104.4,121.58,1.73,14.31,0.66,0.75,1
Mombasa,2025-11-10,-4.01785873592995,39.551533652298524,99.91,130.22,1.27,33.46,1.63,5.1,1
Mombasa,2026-02-13,-4.103097168240533,39.712542001655216,20.68,75.7,1.16,9.58,4.73,5.28,1
Mombasa,2025-11-08,-4.197077249126511,39.738497480007055,32.54,81.26,2.96,13.17,1.26,5.23,1
Mombasa,2026-02-21,-3.905646194362639,39.772322799743016,20.12,103.28,2.47,15.43,1.54,0.63,1
Mombasa,2026-01-06,-3.9092171713653,39.72828785819113,2.66,8.97,1.89,24.05,2.95,0.13,0
Mombasa,2025-12-21,-4.038958066266277,39.699211209212194,18.34,37.64,1.78,15.43,0.88,7.84,1
Mombasa,2025-12-12,-4.014544289334163,39.63577107379095,29.18,64.33,2.02,42.71,0.0,1.82,0
Mombasa,2026-01-24,-3.999339959471689,39.61095848340993,7.97,17.46,0.56,12.51,2.42,0.49,1
Mombasa,2026-01-04,-3.9220383872867846,39.566218648428425,30.63,79.71,0.71,28.99,3.94,1.3,1
Mombasa,2025-12-14,-4.0597473965912165,39.75482590733488,5.83,46.67,2.12,12.39,0.0,4.86,0
Mombasa,2026-01-02,-4.025136547063614,39.69007597029909,60.62,108.41,2.18,29.02,2.7,0.18,0
Mombasa,2026-01-03,-4.132038103048869,39.6219740568415,12.46,36.75,2.72,10.38,2.4,1.84,0
Mombasa,2025-12-06,-4.12728052724849,39.581162454210734,31.43,46.5,2.04,0.0,1.32,0.04,1
Mombasa,2026-02-14,-4.043366341583223,39.62209037436432,11.73,28.84,2.36,25.49,4.65,0.99,0
Mombasa,2026-01-31,-4.131238514576929,39.73944587430146,4.39,8.63,1.91,32.07,2.03,2.21,0
Mombasa,2025-12-19,-4.190924164370982,39.60394765589757,5.2,17.57,1.5,15.28,2.06,1.05,0
Mombasa,2026-01-12,-4.089477612155596,39.56302567155076,12.93,34.09,1.64,0.0,6.17,2.7,1
Mombasa,2025-12-31,-3.9750164567590343,39.645011936304044,17.28,63.61,2.88,26.33,2.09,1.11,0
Mombasa,2026-02-07,-4.1168789451613454,39.63395246853336,23.86,33.14,2.83,10.97,0.0,1.62,0
Mombasa,2025-12-09,-3.9411888184535755,39.72425990384934,31.25,53.92,2.71,13.55,7.4,0.97,1
Mombasa,2025-12-22,-3.9892492845800387,39.68900020025916,37.3,57.82,1.93,28.49,5.68,1.32,1
Mombasa,2026-01-16,-4.004004267255585,39.66817765692486,44.01,50.15,1.03,18.14,4.49,1.08,1
Mombasa,2025-12-12,-3.932255057729059,39.794018611953234,48.41,62.52,0.7,25.44,3.08,0.56,0
Mombasa,2026-02-16,-4.177856690775018,39.76103044394364,0.29,19.57,2.77,12.6,4.74,0.31,1
Mombasa,2026-01-02,-4.146370380148505,39.58203801969802,20.68,31.89,0.76,16.8,2.1,2.32,0
Mombasa,2025-12-14,-3.9272189332621834,39.61209866475579,55.06,88.26,1.39,28.71,4.46,0.43,1
Mombasa,2026-02-19,-3.9278887869540626,39.654840990606445,14.94,43.47,2.53,12.98,4.92,0.06,1
Mombasa,2026-01-14,-4.1765198232304535,39.56788085021886,16.74,37.25,1.02,22.16,3.14,6.78,0
Mombasa,2026-02-12,-3.9677305342334335,39.739535490781215,39.85,51.27,2.49,20.12,1.97,0.35,1
Mombasa,2025-11-07,-4.195370275368933,39.742043456739616,12.3,22.38,1.09,26.18,1.93,0.21,0
Mombasa,2025-11-29,-4.159429333989436,39.62310616838947,20.65,40.25,2.46,18.62,1.26,1.77,1
Mombasa,2026-01-16,-4.1670718278918875,39.77633885466194,39.67,79.27,2.28,19.33,1.84,1.04,1
Mombasa,2025-11-09,-4.1118013266544855,39.688121018093995,36.15,70.28,1.22,37.6,1.31,2.61,1
Mombasa,2026-02-09,-4.083519473806917,39.605903409597246,109.7,125.93,1.34,21.62,2.77,1.66,1
Mombasa,2025-12-20,-3.9267378407187414,39.70537350560276,13.47,71.33,1.41,19.21,2.77,1.69,1
Mombasa,2026-02-24,-4.069080656168113,39.718142352170766,11.83,23.93,1.94,0.0,1.78,2.19,1
Mombasa,2026-01-19,-4.1628452767819235,39.72938716696652,17.34,24.8,2.77,9.03,3.2,0.36,1
Mombasa,2025-11-12,-4.11829537585478,39.79283590383533,20.01,31.74,1.87,43.26,6.8,2.92,1
Mombasa,2025-12-12,-4.198086951569615,39.77841091523063,58.25,79.44,1.54,32.22,3.07,1.03,1
Mombasa,2026-01-05,-4.191585179131144,39.653319095344614,20.91,44.7,1.48,14.83,2.36,2.56,1
Mombasa,2025-12-06,-4.070679503563071,39.65795641260439,19.3,51.76,0.94,21.76,3.82,1.53,0
Mombasa,2025-11-17,-4.046343519542467,39.55586315761662,34.68,49.81,2.17,9.25,0.0,0.22,1
Mombasa,2026-02-12,-4.12501152501627,39.6543747492493,29.13,32.5,1.74,7.34,4.86,0.53,1
Mombasa,2025-12-27,-4.086032274992262,39.594287164370925,14.79,31.37,2.74,5.08,2.9,1.02,1
Mombasa,2026-01-10,-4.168989308192538,39.580042070025925,14.3,39.33,1.79,9.42,1.78,0.0,1
Mombasa,2026-01-02,-4.002353531467661,39.75396144309532,28.99,48.68,2.89,6.65,4.15,1.55,1
Mombasa,2025-12-14,-4.082218328859703,39.55545328992571,55.77,75.41,1.6,24.57,2.33,0.17,1
Mombasa,2026-01-31,-4.151542320157603,39.58226441222883,13.94,22.88,1.79,19.65,0.74,1.47,1
Mombasa,2025-11-24,-4.050781910614134,39.71609115198704,11.68,24.65,0.96,30.77,2.15,8.2,1
Mombasa,2026-02-11,-4.137487548074118,39.69179625562522,66.85,101.35,2.47,20.52,0.85,4.83,0
Mombasa,2026-01-20,-4.112361216610115,39.65725724221692,6.61,22.82,0.57,19.67,2.7,2.07,1
Mombasa,2025-11-04,-4.1627488701415745,39.751895509483575,104.11,119.2,0.95,20.48,2.09,0.14,1
Mombasa,2026-01-22,-3.96578085265057,39.6095315686801,27.18,35.59,1.29,27.25,2.48,1.09,1
Mombasa,2025-12-16,-4.116205431517299,39.60165487338188,11.84,37.99,2.6,5.75,0.07,0.79,1
Mombasa,2026-02-09,-3.9132970032283856,39.678420705096435,8.41,12.68,2.03,28.4,0.57,0.45,0
Mombasa,2025-12-10,-4.0783704267309435,39.576663315749535,5.01,29.3,1.27,17.85,5.7,3.85,1
Mombasa,2026-02-01,-4.153441652495366,39.722269571958755,21.92,48.26,2.79,0.0,7.14,0.89,1
Mombasa,2025-11-06,-3.988436109301972,39.78375302394558,31.57,43.15,2.58,15.3,4.66,0.61,1
Mombasa,2026-01-07,-3.9799325555224008,39.75285602078169,40.86,44.8,0.58,0.0,4.69,2.91,0
Mombasa,2025-11-12,-3.9356041061929856,39.77030215179003,49.66,67.19,1.11,2.73,5.69,0.4,1
Mombasa,2026-02-12,-4.160546257221047,39.568237730511356,5.14,26.59,2.24,0.0,4.85,2.32,1
Mombasa,2025-12-02,-3.963034212276703,39.65600858483197,9.71,46.98,2.68,2.22,4.66,0.73,0
Mombasa,2026-02-01,-3.9420722737615046,39.7757350329027,27.32,45.48,2.36,12.94,0.0,1.8,1
Mombasa,2026-01-28,-4.108644511441235,39.760340933350584,86.31,105.84,2.71,6.39,2.67,1.05,1
Mombasa,2025-12-01,-4.0636553455166355,39.69844800278626,32.5,43.45,0.81,26.81,2.05,4.35,1
Mombasa,2025-12-14,-4.0141074122874265,39.713604562931096,20.35,57.95,0.52,11.83,3.84,0.48,0
Mombasa,2026-02-22,-4.126346057004649,39.616502881510044,21.14,32.35,1.6,10.57,3.53,4.62,0
Mombasa,2025-12-25,-3.9385932241105226,39.6163080970916,12.53,37.72,0.66,12.22,2.65,0.17,1
Mombasa,2025-11-10,-3.990241723526674,39.566677915222996,36.51,81.88,2.16,18.47,7.92,0.1,0
Mombasa,2026-02-10,-3.9429950862392005,39.775482606961525,19.53,47.06,2.79,2.65,4.8,9.53,1
Mombasa,2026-01-23,-4.065025485024432,39.622247165117315,49.69,85.75,1.55,30.54,1.54,1.01,1
Mombasa,2026-01-25,-4.044300491120173,39.79812539364384,21.05,37.62,1.95,29.94,2.74,1.51,1
Mombasa,2025-11-16,-4.141723666490965,39.5517069041866,6.44,72.82,1.47,2.74,4.83,0.28,1
Mombasa,2025-12-28,-4.105792685521241,39.74978084286993,4.16,13.41,0.91,12.43,2.14,5.59,0
Mombasa,2025-12-02,-3.9811463521440236,39.68145029255527,18.82,54.14,0.79,22.23,5.34,1.33,0
Mombasa,2026-01-23,-3.912297666549684,39.56050531867487,17.89,65.36,2.29,1.36,3.59,3.1,1
Mombasa,2025-11-23,-4.154369139473721,39.715797481860356,9.78,17.19,2.76,0.0,3.6,2.05,0
Mombasa,2026-02-19,-4.18480694168004,39.72561445013089,19.96,29.75,1.41,28.02,2.83,0.44,1
Mombasa,2025-11-25,-4.179764197764112,39.724904052318294,30.39,55.6,0.84,12.38,4.29,2.02,0
Mombasa,2026-01-13,-4.06935846935341,39.7239827102933,13.09,41.41,2.57,14.26,0.59,0.56,1
Kilifi,2025-12-14,-3.706611919894451,39.810853253896994,15.48,27.24,1.96,20.75,2.92,0.97,1
Kilifi,2025-12-31,-3.4589277691565763,39.89313922857039,31.12,46.9,1.16,25.38,1.5,2.31,0
Kilifi,2025-12-06,-3.6617813064234572,39.55609659670974,33.38,45.34,2.65,7.48,5.67,0.95,0
Kilifi,2025-12-21,-3.9471434589889816,39.646502857769946,23.87,90.84,0.99,15.35,2.69,1.98,1
Kilifi,2025-12-01,-3.500981111834018,39.6024661690803,12.67,36.29,2.15,0.0,0.56,0.38,1
Kilifi,2025-10-30,-3.785422595954186,39.56479405297765,3.11,23.46,0.66,17.67,0.63,0.31,1
Kilifi,2026-01-03,-3.48372637037732,39.79611574820867,44.98,70.51,1.91,21.65,6.66,2.46,1
Kilifi,2025-11-28,-3.7346192614365226,39.56874412170233,25.08,26.11,1.19,25.71,3.3,1.24,1
Kilifi,2026-01-15,-3.6442332516722393,39.690050489004584,45.59,59.36,1.92,12.38,5.42,0.31,1
Kilifi,2026-01-23,-3.814305747066504,39.90415345370746,22.61,37.75,2.45,5.28,2.5,0.71,1
Kilifi,2025-12-01,-3.6286201216846394,39.86124968650913,98.61,144.29,0.76,17.39,1.15,2.05,1
Kilifi,2025-12-20,-3.635889345959876,39.78915113442705,7.68,21.0,0.73,39.79,0.0,1.09,0
Kilifi,2026-02-13,-3.82949743394337,39.85034957360207,25.29,31.94,1.1,30.98,0.53,1.34,1
Kilifi,2025-11-29,-3.8763203357812612,39.87320474628722,34.21,39.85,1.43,9.89,0.02,0.34,1
Kilifi,2026-02-18,-3.7990054982549077,39.63177765172922,9.01,18.01,0.7,13.68,4.86,1.17,0
Kilifi,2025-12-05,-3.647498863574932,39.67416270678192,26.41,28.41,1.5,20.07,0.0,4.18,0
Kilifi,2025-11-28,-3.7001538984253735,39.879337730157935,13.78,30.69,2.4,24.95,5.19,4.41,1
Kilifi,2026-01-22,-3.4823329535166776,39.88808021482811,20.78,63.27,1.32,6.79,0.0,1.23,1
Kilifi,2026-01-06,-3.513276840404082,39.91159693766609,13.91,85.36,1.21,15.64,0.0,0.08,0
Kilifi,2025-11-20,-3.808663257159466,39.6964011918112,7.72,17.42,2.66,28.38,0.63,2.92,1
Kilifi,2026-02-16,-3.8884948558262673,39.737231816053686,58.79,101.24,0.6,29.75,2.86,0.51,1
Kilifi,2025-12-10,-3.771776100187039,39.76234788092848,31.06,40.76,2.68,25.46,0.07,2.35,1
Kilifi,2025-11-09,-3.5564020798962193,39.86288054680882,11.23,51.93,1.22,15.96,3.63,2.28,1
Kilifi,2026-01-21,-3.7197054989519818,39.69647410019295,23.8,65.72,2.77,19.46,4.91,0.1,1
Kilifi,2025-12-01,-3.6645117793302755,39.79872496987295,27.25,39.87,1.44,0.0,4.55,0.96,1
Kilifi,2026-02-24,-3.5095201421859863,39.575246484848506,12.7,51.31,1.4,12.49,2.19,3.02,0
Kilifi,2025-12-27,-3.7488237487481055,39.56863124240076,27.39,45.36,2.32,15.79,0.6,2.41,1
Kilifi,2026-01-28,-3.9061442836452427,39.851027301484386,24.52,47.45,0.86,16.07,1.24,0.18,1
Kilifi,2025-12-06,-3.801533238400015,39.57078880115706,70.57,96.63,2.57,26.8,2.35,0.02,1
Kilifi,2025-11-01,-3.716543636590325,39.944964485883816,42.81,51.61,2.32,0.0,2.54,1.17,0
Kilifi,2026-02-09,-3.8474822859583395,39.63405796108206,39.22,46.26,2.4,14.0,0.36,0.08,1
Kilifi,2025-11-09,-3.769026744359233,39.757311934121276,16.23,19.94,0.89,18.67,2.56,4.71,1
Kilifi,2026-02-08,-3.5059196866081854,39.69875467748236,32.67,60.81,2.07,9.75,6.49,0.88,1
Kilifi,2025-11-14,-3.4586462053747704,39.78873268799217,13.31,15.85,1.49,0.0,2.52,0.96,1
Kilifi,2026-02-17,-3.579754845114701,39.586184292349664,15.73,43.32,0.56,15.85,3.48,1.28,0
Kilifi,2026-02-08,-3.60060752892518,39.85912163957745,28.37,49.65,0.61,28.25,1.51,3.43,1
Kilifi,2026-01-17,-3.777985993715941,39.652563073036106,32.22,50.45,1.63,9.95,7.41,2.41,1
Kilifi,2025-11-12,-3.590799726569743,39.64282693435065,140.7,165.11,2.76,11.86,0.0,4.79,1
Kilifi,2025-12-04,-3.5368459581030227,39.92447504503586,11.15,58.18,2.35,24.28,0.0,1.8,1
Kilifi,2026-01-30,-3.894278173309016,39.66972135869161,27.68,95.29,0.77,14.77,3.59,0.36,1
Kilifi,2026-02-13,-3.7551215334886927,39.572638235412256,2.97,34.33,2.17,29.89,0.0,1.31,1
Kilifi,2025-11-04,-3.695087473642219,39.63621350209515,37.21,50.0,2.45,10.07,0.0,0.27,0
Kilifi,2026-02-19,-3.51613108185666,39.88923082883264,11.74,61.32,0.56,38.79,0.65,2.89,1
Kilifi,2026-01-19,-3.811119927020101,39.900063930375254,52.18,59.13,0.9,24.02,3.74,2.17,1
Kilifi,2026-01-19,-3.9090934655238487,39.88577695476136,21.92,34.91,1.47,16.19,4.13,0.73,1
Kilifi,2025-12-15,-3.5106357501319048,39.86462833693066,7.54,54.1,2.41,10.35,3.5,1.14,1
Kilifi,2025-12-19,-3.618028804690623,39.56000845966414,10.51,42.95,0.98,10.64,4.49,1.38,1
Kilifi,2025-12-12,-3.9365164834455166,39.87549822844004,17.34,36.08,1.19,18.71,4.87,1.48,1
Kilifi,2026-02-03,-3.7342968850598313,39.7150594955283,53.01,76.26,0.6,17.0,0.89,6.68,1
Kilifi,2026-02-18,-3.745645372852051,39.94100667123852,44.34,56.73,0.97,17.84,1.74,0.46,1
Kilifi,2026-02-04,-3.8672236771566375,39.70307696508356,27.84,47.86,0.79,6.86,4.57,0.37,1
Kilifi,2026-02-18,-3.5223708313722866,39.79757212325642,32.51,61.22,1.34,6.62,5.44,3.68,0
Kilifi,2026-01-29,-3.863478006075796,39.92953936717867,38.57,64.62,2.54,23.71,3.31,2.86,1
Kilifi,2026-02-05,-3.9282750527124985,39.82127065312145,29.58,55.23,0.98,26.44,0.0,3.04,1
Kilifi,2025-11-25,-3.7257785398534593,39.77009511207023,29.4,43.66,1.76,8.24,1.99,2.19,1
Kilifi,2025-12-10,-3.7954992458307335,39.678073087766286,9.68,24.57,2.85,23.84,0.99,2.55,0
Kilifi,2026-02-23,-3.4594364268458704,39.80901235203617,17.06,50.29,0.64,5.76,3.88,1.05,1
Kilifi,2025-11-18,-3.4794991781588474,39.73073075661056,5.54,34.88,1.56,0.89,1.72,1.4,1
Kilifi,2026-02-05,-3.7608833550121554,39.70003360631087,14.66,25.66,2.76,6.85,3.11,1.75,1
Kilifi,2025-11-05,-3.905556691290207,39.74293993194573,53.47,66.64,2.4,9.89,3.92,0.28,1
Kilifi,2025-12-09,-3.8346686640835617,39.743841761392346,28.9,47.09,2.42,8.45,5.89,7.08,1
Kilifi,2025-11-07,-3.5911838457508622,39.66473988925489,21.74,42.21,2.91,0.0,6.18,3.53,1
Kilifi,2026-01-17,-3.46056626771596,39.65720105396711,18.47,44.52,1.68,42.13,3.54,3.17,0
Kilifi,2026-01-06,-3.886472132276801,39.92161591309491,58.42,66.14,1.5,19.45,0.24,0.84,1
Kilifi,2026-01-31,-3.8448646674145515,39.82375357002921,10.17,32.46,1.06,39.01,4.57,2.15,1
Kilifi,2026-02-13,-3.4684405015676125,39.733864889178136,11.46,44.81,1.95,0.0,3.45,0.87,1
Kilifi,2025-12-21,-3.7958800762432707,39.80207469718903,8.0,24.54,1.36,8.91,0.0,3.34,1
Kilifi,2026-02-22,-3.499474982103932,39.89102559197272,8.66,44.29,2.41,29.81,0.96,0.05,0
Kilifi,2026-01-29,-3.596134162457985,39.562649728498336,26.24,42.78,2.03,7.58,3.28,2.75,1
Kilifi,2026-02-03,-3.8375838407994394,39.61303279971467,49.95,63.47,2.99,19.14,4.17,0.56,1
Kilifi,2025-11-03,-3.8964562169121097,39.562968769565906,25.5,41.0,2.27,13.89,4.52,6.62,1
Kilifi,2026-02-13,-3.5069935458042756,39.82210011755503,15.8,31.21,2.1,32.0,3.14,7.15,0
Kilifi,2026-01-14,-3.6063598370196246,39.583419809340384,28.68,67.42,2.05,0.0,0.0,1.65,1
Kilifi,2025-11-24,-3.4520516459873782,39.720596081601066,59.19,80.62,1.0,18.47,0.0,0.01,1
Kilifi,2026-01-10,-3.892740976848592,39.89215247123467,9.25,24.19,1.66,16.45,2.88,1.83,1
Kilifi,2026-01-19,-3.7730568287622477,39.722039077163934,13.42,38.69,2.18,24.04,2.0,0.99,1
Kilifi,2026-01-23,-3.629351177424985,39.74081651569511,70.95,106.8,1.67,18.94,4.74,5.42,1
Kilifi,2026-01-09,-3.8087744606866787,39.94969905825904,15.31,28.93,2.5,20.76,0.0,3.33,1
Kilifi,2025-12-26,-3.5331462268630034,39.766531547989985,2.92,30.52,2.11,11.59,3.12,1.98,1
Kilifi,2026-01-16,-3.5409978567727887,39.71157326718653,9.23,16.05,2.98,20.01,5.54,3.36,1
Kilifi,2025-12-03,-3.594461354655617,39.91012256960194,14.82,18.28,2.53,12.5,8.46,1.68,1
Kilifi,2025-12-13,-3.9345215699706753,39.941271497669334,52.6,65.81,2.35,37.23,1.72,0.74,0
Kilifi,2025-11-01,-3.4946967339482593,39.64530896223538,42.87,71.79,2.54,13.13,3.36,1.3,1
Kilifi,2025-11-08,-3.730380035435243,39.785912301864826,17.79,31.2,0.86,10.22,0.0,0.72,1
Kilifi,2026-02-16,-3.5993242786595427,39.780783589775965,8.06,19.88,1.51,25.21,0.0,0.09,1
Kilifi,2026-01-26,-3.741664969769372,39.76867227739449,52.85,100.22,1.15,6.32,4.08,0.2,1
Kilifi,2026-01-21,-3.6834097129069594,39.82407142604747,58.97,61.45,2.37,3.38,4.83,9.74,1
Kilifi,2026-02-02,-3.7733267377269026,39.66159499609379,41.96,67.93,1.95,31.91,4.64,0.53,0
Kilifi,2026-02-14,-3.699477259688784,39.810480602864956,11.57,53.07,2.32,16.4,2.9,1.35,1
Kilifi,2026-02-14,-3.8309647947052814,39.63847164671459,11.54,28.71,1.83,3.6,3.53,1.03,1
Kilifi,2025-10-29,-3.7849798359517597,39.89772145057823,54.09,74.99,2.86,9.63,0.0,0.49,1
Kilifi,2025-11-30,-3.7062034428797808,39.554883125467434,5.85,14.85,1.5,21.37,1.41,0.27,0
Kilifi,2026-01-13,-3.8445461459476427,39.836771107867904,7.84,24.11,1.26,40.34,1.15,5.0,1
Kilifi,2026-02-12,-3.5008578290383716,39.687310432597776,79.51,116.39,1.2,39.87,0.78,0.02,1
Kilifi,2025-11-08,-3.888797759491326,39.87754640757065,36.55,57.89,2.19,15.77,2.78,1.27,1
Kilifi,2025-12-06,-3.7925819107695786,39.58689176906879,38.38,44.95,2.17,30.71,2.56,1.98,1
Kilifi,2026-01-31,-3.7880886927163875,39.708046155418984,2.11,55.25,1.42,17.2,3.0,3.32,1
Kilifi,2026-02-10,-3.860900284923315,39.58028381427055,37.39,71.77,1.74,19.57,6.79,0.29,0
Kilifi,2025-11-19,-3.4745612637012737,39.60505564856075,43.68,59.72,1.29,14.81,5.92,3.42,1
Kilifi,2026-01-14,-3.808938765095387,39.75622708852588,31.16,50.25,2.22,0.0,0.39,1.63,1
Kilifi,2025-12-06,-3.8604330469108805,39.836482207265604,15.18,47.57,1.84,15.27,0.49,0.54,1
Kilifi,2025-11-14,-3.8632890766876202,39.695560068029394,20.25,58.53,2.11,13.69,2.86,3.68,0
Kilifi,2025-12-20,-3.5475973846025077,39.60756258605231,11.26,35.57,2.58,5.97,1.34,0.38,1
Kilifi,2025-11-25,-3.781122296969192,39.81469772323658,78.02,84.25,1.66,19.97,4.57,1.38,1
Kilifi,2025-12-11,-3.7452434138426893,39.682509906767855,27.49,42.03,1.14,10.98,1.71,2.53,0
Kilifi,2026-01-09,-3.606705844677016,39.76839890579356,92.97,106.03,1.86,1.15,4.08,1.21,1
Kilifi,2025-11-18,-3.488934545441945,39.88461860444813,24.14,51.04,1.13,15.98,1.3,2.16,1
Kilifi,2025-11-23,-3.9118767360269047,39.634673385738914,26.85,61.83,2.13,27.79,2.7,0.44,1
Kilifi,2025-10-30,-3.851628834142081,39.77485790467915,6.77,21.49,1.24,41.29,0.0,0.78,0
Kilifi,2026-01-31,-3.8606604453951534,39.747621354223426,13.01,23.78,1.1,0.0,4.7,0.81,1
Kilifi,2026-01-10,-3.5751618918300965,39.85871850283029,11.34,27.8,2.58,31.77,3.75,1.43,1
Kilifi,2026-02-18,-3.6320412377469387,39.73283428871336,4.62,20.56,2.31,6.47,1.06,4.97,0
Kilifi,2026-02-01,-3.5437040259419734,39.81286601412043,7.65,30.12,2.78,17.21,0.0,2.58,1
Kilifi,2026-01-01,-3.9491136289662823,39.88677945726768,7.33,41.42,2.07,24.31,0.58,9.37,1
Kilifi,2026-01-09,-3.8693146715538695,39.824374389319175,25.03,53.12,2.95,4.18,0.0,0.68,1
Kilifi,2025-12-31,-3.7133357976681305,39.72911373011722,30.55,52.55,1.89,21.95,1.89,0.39,0
Kilifi,2025-12-15,-3.6291634663132335,39.91862486163577,2.9,32.98,2.83,16.7,0.06,4.58,0
Kilifi,2026-02-14,-3.5945876486291937,39.799705941098935,44.46,51.82,2.64,20.51,1.85,0.45,1
Kilifi,2026-01-17,-3.647323417228874,39.88426497958535,13.11,38.77,0.99,4.53,0.81,0.18,0
Kilifi,2026-01-07,-3.7619547951931405,39.5955146933093,9.16,17.04,2.44,14.01,3.85,2.24,1
Kilifi,2026-02-13,-3.936834415857424,39.755489839935095,6.6,66.39,1.38,14.47,3.45,4.41,1
Kilifi,2026-01-22,-3.814620064328877,39.75473355431764,37.89,70.27,1.38,11.84,5.15,2.86,0
Kilifi,2026-01-29,-3.8954341399107126,39.88240108596284,3.98,32.24,1.91,7.31,2.15,3.11,1
Kilifi,2025-12-23,-3.4860708181152456,39.729857720376856,10.81,26.18,1.31,22.74,0.0,8.37,1
Kilifi,2026-01-13,-3.4715772596096834,39.93724090152245,94.71,117.26,0.6,21.91,1.94,1.71,1
Kilifi,2025-12-19,-3.656180054274156,39.57459840383617,46.8,52.48,0.66,14.5,2.02,6.3,0
Kilifi,2025-11-11,-3.4883267245543643,39.91952051240332,49.48,69.01,0.99,16.44,0.34,0.66,0
Kilifi,2025-12-25,-3.6594197322275046,39.92111175343866,60.71,90.49,2.92,23.78,5.25,0.79,1
Kilifi,2025-12-31,-3.7183957548365805,39.86631025211941,5.66,16.67,1.65,34.61,2.11,0.15,1
Kilifi,2025-10-30,-3.567351538762509,39.61709692104876,33.72,55.58,1.16,9.38,3.56,0.92,0
Kilifi,2026-01-23,-3.7897428007299343,39.88283722642499,31.68,62.27,2.86,0.0,0.0,2.18,1
Kilifi,2025-11-14,-3.474189200847047,39.759967170401474,17.95,53.73,2.11,45.76,0.84,2.3,1
Kilifi,2025-12-20,-3.6950551921307833,39.76406698212911,6.35,17.0,2.07,10.16,0.11,2.85,1
Kilifi,2026-02-22,-3.535398217927745,39.818838250978615,18.69,22.29,1.94,6.24,2.35,1.01,1
Kilifi,2025-12-17,-3.5846181934105297,39.909992833640466,26.56,40.28,1.36,21.07,2.21,1.03,1
Kilifi,2026-01-23,-3.602355112699655,39.634938708528395,10.73,20.59,1.96,21.17,1.26,2.62,1
Kilifi,2025-12-08,-3.6557272575434325,39.92895436708333,57.26,95.95,1.38,18.17,0.86,0.25,1
Kilifi,2025-12-23,-3.826592134693768,39.633772203778996,28.93,102.34,2.63,19.54,2.68,4.0,0
Kilifi,2026-01-16,-3.7667312622321614,39.8447430706758,27.43,49.68,0.71,2.31,4.64,0.66,1
Kilifi,2025-11-29,-3.733967634192192,39.7257946994074,10.08,25.24,0.6,8.25,1.65,0.43,1
Kilifi,2026-01-25,-3.7277102103176,39.93056396870174,30.08,46.57,0.67,0.0,6.92,1.2,1
Kilifi,2026-01-20,-3.805716203386691,39.60327402657975,27.67,42.94,0.87,34.61,4.92,3.76,0
Kilifi,2025-11-26,-3.6718906350306115,39.660558032092084,39.35,56.68,2.28,24.34,1.19,2.53,0
Kilifi,2025-11-26,-3.6839672432692594,39.59364029703713,8.02,18.0,0.95,0.0,6.56,0.37,1
Kilifi,2026-01-19,-3.8271273422229988,39.607620800472176,11.4,23.53,0.95,14.37,5.4,0.33,1
Kilifi,2026-01-26,-3.855197767877036,39.85036812767915,19.53,41.03,0.6,14.04,8.13,1.98,1
Kilifi,2026-01-10,-3.4842251302647913,39.61375899716426,16.12,29.47,2.99,36.04,4.85,0.63,1
Kilifi,2025-11-28,-3.6607691613430244,39.941195857126445,9.79,13.8,1.42,21.8,1.84,1.43,1
Kilifi,2025-12-17,-3.9403245969719674,39.87142450394247,68.46,90.62,2.49,49.2,1.28,2.82,1
Kilifi,2026-02-08,-3.7115537235037075,39.57795468388016,35.0,42.08,2.6,16.65,2.43,0.92,1
Kilifi,2026-01-09,-3.7237754740307727,39.756938378451686,14.78,21.88,0.97,11.76,1.96,0.91,0
Kilifi,2026-02-20,-3.7065779319717698,39.81338681933267,49.64,77.63,1.56,22.72,3.34,0.39,1
Kilifi,2025-12-28,-3.8346863170129755,39.92948092994064,25.7,32.33,2.32,0.0,1.61,1.3,1
Kilifi,2026-01-23,-3.47752959382187,39.86816878882194,16.65,51.19,0.75,6.84,2.12,0.48,0
Kilifi,2025-11-09,-3.869702213278838,39.742850829724006,44.21,49.78,2.17,17.69,2.02,0.9,0
Kilifi,2026-02-03,-3.5057915664720367,39.62399066798774,17.27,25.54,1.22,22.6,0.0,4.84,0
Kilifi,2025-11-13,-3.8652557616855447,39.725995735034616,41.85,48.62,2.23,1.44,4.34,3.48,1
Kilifi,2025-12-25,-3.9325018972338404,39.9399688450401,15.66,74.19,2.58,0.0,1.08,0.34,1
Kilifi,2026-02-18,-3.897998000145324,39.623531483378194,60.15,113.92,2.55,7.56,2.02,1.5,1
Kilifi,2025-11-24,-3.466580199281106,39.59490664910222,12.83,57.17,2.59,34.81,2.62,4.69,1
Kilifi,2025-12-25,-3.765306288052276,39.774983834337945,63.54,91.73,1.49,27.64,6.15,3.52,0
Kilifi,2025-12-21,-3.6901812358958797,39.83802446717682,38.18,45.27,1.76,6.73,0.0,2.4,1
Kilifi,2025-12-05,-3.696637776737099,39.877874085926756,65.85,137.47,2.29,33.11,1.05,1.94,1
Kilifi,2026-02-15,-3.545530650305786,39.90781236756787,11.19,22.73,2.38,6.14,0.0,0.97,1
Kilifi,2026-01-31,-3.839079506149587,39.65612661998998,10.31,23.69,2.77,15.95,1.8,1.88,1
Kilifi,2025-10-31,-3.7386572527377804,39.611685918715324,20.17,36.15,2.18,22.02,5.73,1.84,0
Kilifi,2025-12-24,-3.4958418124183086,39.62973436231951,5.22,34.66,2.37,54.05,4.56,3.39,1
Kilifi,2026-02-23,-3.600411030423618,39.580713008297266,1.29,20.71,1.27,28.8,3.82,2.98,1
Kilifi,2025-11-19,-3.828159655644323,39.930944090152416,23.31,67.38,2.9,20.27,1.09,3.55,1
Kilifi,2025-10-30,-3.598506877838764,39.589214051960525,27.96,63.8,1.41,8.01,1.75,0.21,1
Kilifi,2025-12-30,-3.531154664397472,39.94586513661832,12.7,25.79,0.72,28.16,1.53,8.05,1
Kilifi,2025-11-15,-3.7573624103293004,39.72506335826988,6.54,34.02,2.45,19.56,2.58,2.59,1
Kilifi,2025-11-27,-3.7194510949217676,39.728784983239564,14.6,62.0,0.55,12.82,5.51,3.85,0
Kilifi,2026-02-23,-3.6020234071826898,39.838403145864625,1.49,22.38,2.38,18.05,5.12,0.9,1
Kilifi,2026-01-30,-3.7921419913073815,39.72957778636362,17.58,40.46,1.76,8.24,1.72,7.3,0
Kilifi,2026-02-18,-3.7934412619407456,39.7409154479065,33.68,45.46,1.42,19.26,6.57,3.16,1
Kilifi,2025-12-19,-3.599361890103924,39.608592248052794,60.13,83.83,1.89,4.43,1.36,0.8,1
Kilifi,2025-11-28,-3.5343811229218165,39.8542805332651,19.92,53.81,2.89,18.15,2.94,0.07,1
Kilifi,2025-12-22,-3.672815972672724,39.61720898838283,16.04,28.9,2.55,24.04,0.03,0.91,1
Kilifi,2025-11-28,-3.7795855085304417,39.728054083854815,4.82,33.07,2.51,36.73,3.9,2.33,1
Kilifi,2025-11-29,-3.594483930153299,39.5820441904076,17.88,32.87,1.44,13.92,0.99,3.7,0
Kilifi,2026-02-13,-3.8059804964847608,39.77036378920562,25.43,43.7,1.38,9.44,4.67,1.13,0
Kilifi,2026-01-01,-3.9221896604949618,39.94947307792488,30.13,65.94,1.99,0.0,0.0,0.01,1
Kilifi,2025-12-25,-3.640820224049143,39.60810477063919,11.3,29.61,2.43,12.94,1.09,1.1,1
Kilifi,2025-12-20,-3.948398083313009,39.86218051345639,5.99,14.11,1.71,18.79,3.03,0.93,1
Kilifi,2026-01-12,-3.626397681889306,39.94157963653826,9.25,45.23,1.22,4.86,5.78,2.85,0
Kilifi,2025-12-22,-3.749518551882499,39.55613575271829,43.32,79.11,0.81,31.61,2.59,0.22,1
Kilifi,2026-01-25,-3.678255514124931,39.58952348777677,15.07,51.08,0.78,23.02,1.74,0.41,0
Kilifi,2025-11-17,-3.8059240549617295,39.63620861330933,6.22,40.83,1.86,7.01,2.17,1.79,1
Kilifi,2025-12-17,-3.6266397059939464,39.88108145488171,25.29,31.63,1.92,3.1,0.0,2.15,1
Kilifi,2026-01-27,-3.5267902560812026,39.85925303879133,18.56,29.1,2.67,0.0,2.76,0.13,1
Kilifi,2025-12-05,-3.7583051777096674,39.83335664463058,16.6,43.88,0.69,0.0,0.96,0.58,1
Kilifi,2025-11-02,-3.6818250763850813,39.8951741030077,5.34,20.14,2.09,8.47,2.04,2.9,1
Kilifi,2026-02-23,-3.4553241032593576,39.6918213196122,9.98,14.28,2.87,14.7,6.32,0.65,1
Kilifi,2026-01-23,-3.6801086454454124,39.61009878485615,88.78,107.31,0.81,24.9,6.06,0.86,1
Kilifi,2026-01-28,-3.854326922928522,39.766385699235556,15.85,48.52,1.47,27.54,1.13,6.29,1
Kilifi,2025-10-30,-3.670510263276028,39.93713977086482,60.6,76.19,2.64,34.86,5.03,0.78,1
Kilifi,2025-11-09,-3.8112655450476325,39.65548730737224,39.46,56.35,1.54,21.33,0.97,0.99,0
Kilifi,2026-01-08,-3.930472393897587,39.81438139510482,14.45,19.01,0.7,60.78,1.88,4.19,0
Kilifi,2025-11-03,-3.825571628546421,39.6538122974776,48.27,78.55,1.45,14.57,4.94,1.47,1
Kilifi,2026-01-07,-3.9407129925169717,39.64847069112523,59.99,99.21,1.04,24.37,4.54,4.78,0
Kilifi,2026-01-24,-3.896427264673722,39.57021056428124,29.33,55.01,3.0,31.6,3.84,0.37,1
Kilifi,2025-12-14,-3.7611305630781158,39.91490250288658,39.5,73.16,1.98,26.39,2.35,1.61,1
Kilifi,2026-01-11,-3.762195884231814,39.58804962757474,29.27,43.39,1.65,31.44,2.82,1.26,1
Kilifi,2025-12-04,-3.574508733550966,39.82359679019477,24.35,38.94,2.04,24.45,0.4,2.71,1
Kilifi,2025-12-05,-3.9349155221494976,39.806124053356996,50.92,89.0,1.77,10.18,0.45,2.12,1
Kilifi,2025-11-03,-3.834218333080944,39.59920704945121,8.03,25.02,0.71,27.5,2.83,3.04,1
Kilifi,2026-01-06,-3.8945421086854335,39.61456762989663,18.5,45.37,3.0,12.21,1.89,0.16,1
Kilifi,2025-11-05,-3.850658678191794,39.69789022266348,7.37,53.79,2.18,23.62,3.78,5.4,0
Kilifi,2026-02-13,-3.578131055741834,39.912075880989434,33.1,37.31,2.78,23.27,4.53,0.23,1
Kilifi,2025-11-18,-3.7167135214177947,39.874971445595826,21.97,37.31,0.64,21.63,1.26,0.69,1
Kilifi,2025-11-21,-3.6645557367980777,39.69729745432836,19.76,38.02,2.67,13.42,3.88,0.55,1
Kilifi,2026-01-16,-3.559284458585118,39.934326617854815,42.54,45.66,2.47,9.22,4.35,3.29,1
Kilifi,2025-12-10,-3.8826863168999304,39.88356498075109,21.48,27.6,1.12,8.05,3.89,0.56,1
Kilifi,2026-01-01,-3.8400338121119204,39.864953799473376,41.62,67.57,1.85,19.34,3.53,0.57,1
Kilifi,2025-11-19,-3.696653688507104,39.61645634924574,29.91,38.62,1.38,0.0,3.95,3.13,1
Kilifi,2026-02-19,-3.8043617342578973,39.599326307880425,40.63,48.77,1.67,11.44,3.73,0.09,1
Kilifi,2025-11-05,-3.82513119053869,39.66987743890146,7.71,100.33,2.93,18.22,6.49,0.6,1
Kilifi,2025-11-02,-3.477990070493007,39.58947945321322,19.65,37.39,1.11,17.19,4.68,0.49,1
Kilifi,2026-02-03,-3.8280328789002454,39.925728871824816,8.24,37.36,2.29,34.75,0.0,4.26,0
Kilifi,2026-02-16,-3.494169859007583,39.712794646530085,28.5,40.25,2.67,18.67,1.78,4.69,1
Kilifi,2025-12-01,-3.5886568194082877,39.905919289298915,18.47,47.99,1.22,2.53,1.05,1.43,0
Kilifi,2025-12-10,-3.7890971777956777,39.742282800388956,24.34,33.45,2.04,1.03,2.95,3.27,1
Kilifi,2026-02-13,-3.9423202624584546,39.7452472441275,10.26,17.02,2.98,25.34,2.84,1.96,1
Kilifi,2025-12-01,-3.8555476669219573,39.56437759785254,25.55,36.68,2.4,20.98,3.16,3.63,1
Kilifi,2026-01-11,-3.6578426116699716,39.68646756086148,39.3,68.42,2.39,8.55,5.29,0.12,1
Kilifi,2025-11-09,-3.4888335712334433,39.80779993926744,6.36,46.41,0.58,4.68,2.87,0.76,1
Kilifi,2026-02-06,-3.679121555421357,39.80776947881432,7.7,20.59,1.77,22.15,1.54,1.77,1
Kilifi,2025-12-20,-3.567995185136426,39.6411440818953,30.37,40.39,1.28,13.13,1.64,0.31,0
Kilifi,2025-12-20,-3.711076336999862,39.56144800342696,67.64,79.07,1.21,20.09,0.69,0.01,1
Kilifi,2025-12-19,-3.5913364358061366,39.68019087420196,15.01,38.74,1.3,15.33,2.48,1.63,0
Kilifi,2025-12-07,-3.9205314115880303,39.86282689945258,38.43,47.06,1.22,13.83,2.93,5.92,0
Kilifi,2025-12-24,-3.6439295852922613,39.836261080756294,44.19,79.1,1.46,16.76,2.69,0.91,0
Kilifi,2026-02-17,-3.7902048312003296,39.85397353671831,11.67,44.28,1.85,16.42,2.53,0.5,0
Kilifi,2026-01-27,-3.5301566681748033,39.834623832777936,16.46,32.53,1.22,6.58,7.08,0.95,1
Kilifi,2025-12-02,-3.944307319390768,39.752663419308405,26.42,55.86,0.74,1.62,1.69,0.74,0
Kilifi,2025-11-29,-3.8793035626583374,39.56169932663714,35.8,54.21,2.72,20.2,0.06,1.13,1
Kilifi,2026-02-17,-3.5085732350338414,39.62913535462199,55.85,61.68,2.75,16.07,4.01,3.0,1
Kilifi,2026-01-24,-3.8615656414692836,39.80406128414739,8.74,40.57,2.14,25.14,1.67,1.52,1
Kilifi,2026-02-20,-3.6257230067840887,39.696488230327,26.71,43.93,2.06,33.12,0.0,3.59,1
Kilifi,2026-01-22,-3.472920504007346,39.63606182933293,69.6,97.09,2.93,10.74,3.4,0.77,1
Kilifi,2026-02-12,-3.638426418284917,39.835942108396964,15.76,28.55,1.05,1.72,0.0,8.33,1
Kilifi,2025-11-29,-3.720730437155993,39.86248123606673,33.03,47.45,2.68,19.98,5.1,0.77,1
Kilifi,2026-01-08,-3.7375851587652136,39.69922617897026,31.81,36.71,0.91,31.64,5.78,1.28,1
Kilifi,2025-11-07,-3.5209330233763483,39.63573457163597,61.75,90.13,0.66,12.37,3.36,2.35,1
Kilifi,2026-01-21,-3.939157571843018,39.7680779074236,15.71,35.07,0.66,19.29,2.76,3.69,1
Kilifi,2026-01-24,-3.4894990616532056,39.56535312025894,17.46,44.02,2.33,11.17,1.22,2.73,1
Kilifi,2025-12-03,-3.6222729504883007,39.732889142321525,11.2,29.07,2.28,14.22,1.87,1.64,1
Kilifi,2025-11-29,-3.5133587111075664,39.94778215789476,79.48,102.1,0.61,8.3,4.06,2.83,1
Kilifi,2025-10-30,-3.5994698189241237,39.8441944414213,13.12,38.91,1.8,27.66,0.0,0.56,1
Kilifi,2025-12-08,-3.7232416162796436,39.66736405947868,37.17,83.19,1.41,11.55,2.22,0.41,1
Kilifi,2026-01-04,-3.5869607575353366,39.6620141618456,18.12,43.06,1.99,2.66,1.36,1.08,1
Kilifi,2025-11-09,-3.546974131050853,39.83412176247928,11.13,76.27,2.02,35.9,1.26,0.25,1
Kilifi,2026-02-21,-3.94735177585444,39.90201121925365,30.45,50.91,2.73,18.38,0.79,3.05,1
Kilifi,2026-01-20,-3.776015781813042,39.72226136366741,20.09,57.15,1.06,0.0,2.59,3.31,1
Kilifi,2025-11-21,-3.536493237186652,39.65230259408335,47.3,66.87,2.35,8.05,4.16,3.29,0
Kilifi,2026-01-07,-3.572925207685922,39.938102753368604,21.69,26.0,1.82,16.64,2.2,0.43,1
Kilifi,2025-12-31,-3.6309098040027945,39.90005547722131,38.31,59.06,1.51,26.22,2.93,4.35,1
Kilifi,2025-11-18,-3.50064218524916,39.86037848197732,19.05,28.02,2.26,23.77,1.04,0.08,1
Kilifi,2025-12-31,-3.892749031723521,39.865450262267544,20.61,40.25,1.22,11.78,5.08,1.33,1
Kilifi,2025-12-17,-3.451529484352896,39.712191679964334,28.0,39.47,0.87,11.61,5.55,0.6,1
Kilifi,2025-11-09,-3.5617908974490824,39.8298483464987,23.87,52.1,2.36,31.13,0.41,5.27,1
Kilifi,2025-12-21,-3.4969943599317275,39.65242914398975,79.41,99.99,1.51,4.03,2.72,0.45,1
Kilifi,2025-12-22,-3.4701270720857345,39.715055877515276,83.07,88.82,1.56,13.2,0.77,1.26,1
Kilifi,2026-02-14,-3.9068336735383324,39.82980962005138,20.54,29.11,1.42,10.5,0.21,3.56,1
Kilifi,2026-02-09,-3.7146208178332776,39.8106370296827,49.77,78.46,1.45,29.23,0.94,3.33,1
Kilifi,2026-02-22,-3.8439945183792386,39.84785263451683,18.4,33.02,1.13,34.84,1.44,0.99,1
Kilifi,2026-01-12,-3.6278928960616876,39.7901555409966,26.74,45.37,1.0,22.06,5.96,4.65,0
Kilifi,2025-12-22,-3.6423527305860404,39.573773116210006,31.92,58.75,2.17,22.53,4.36,3.27,1
Kilifi,2026-01-07,-3.8493446206419266,39.712771837310505,30.1,37.78,2.26,4.31,2.63,1.44,1
Kilifi,2025-10-30,-3.4506720978166303,39.865906416567384,49.64,77.46,1.99,20.54,2.03,3.47,0
Kilifi,2025-11-26,-3.904204354734557,39.72088808096462,15.35,39.42,0.66,31.11,5.13,4.18,0
Kilifi,2026-02-15,-3.637586926520814,39.74539914698217,140.78,160.2,2.93,25.97,0.89,7.73,1
Kilifi,2025-11-06,-3.7980263375220393,39.72651814954256,29.79,45.99,2.62,4.07,1.16,1.6,1
Kilifi,2025-10-31,-3.5675260923427583,39.65019576496561,11.3,40.87,1.87,25.91,2.62,0.87,1
Kilifi,2025-11-19,-3.7995790402488763,39.936636309322225,33.48,60.84,2.75,29.2,4.85,1.1,1
Kilifi,2026-02-01,-3.7725346060203426,39.863822050628606,16.71,57.29,1.09,8.0,1.33,2.17,1
Kilifi,2026-01-05,-3.6743325102193194,39.92903773986768,54.76,64.22,2.64,9.12,4.82,0.19,1
Kilifi,2026-02-16,-3.7270815559899004,39.70606750091633,19.3,40.49,1.53,5.12,5.42,0.3,1
Kilifi,2026-02-13,-3.7346062332113035,39.8148411329171,15.84,75.44,2.39,12.14,2.5,1.24,1
Kilifi,2026-01-01,-3.6991791979043196,39.77869775894092,22.2,60.82,2.98,20.06,3.24,1.85,1
Kilifi,2025-12-26,-3.8482084202427593,39.77518411733428,3.36,41.52,2.73,29.95,0.0,3.85,0
Kilifi,2025-11-16,-3.4867663592732545,39.75600409941061,21.92,46.45,2.24,8.99,2.0,0.26,1
Kilifi,2026-02-02,-3.795670659564895,39.85092761055229,12.21,32.2,2.35,29.5,1.48,2.38,1
Kilifi,2026-01-21,-3.7451895359185925,39.80666991762264,48.79,71.78,2.27,24.67,3.37,2.52,1
Kilifi,2025-11-01,-3.8111126291670407,39.8715035976299,67.35,75.03,2.02,36.23,0.26,0.58,1
Kilifi,2026-01-17,-3.5494660983778297,39.570164037863876,7.83,29.95,0.8,27.8,2.92,2.98,1
Kilifi,2025-11-09,-3.5724634117491276,39.83196004709852,25.73,39.77,1.24,24.85,3.05,0.02,0
Kilifi,2025-12-07,-3.8498653590275245,39.6070407422663,10.1,58.48,0.81,24.3,4.36,2.99,0
Kilifi,2025-12-07,-3.749331743981993,39.84213843675249,20.45,63.93,2.88,5.01,2.65,0.64,1
Kilifi,2026-01-06,-3.5975478871763755,39.842848482237784,33.82,62.77,2.42,24.19,0.4,2.01,1
Kilifi,2025-11-07,-3.9283960251287056,39.73558367774404,6.3,14.12,2.9,33.48,1.86,0.37,0
Kilifi,2025-11-17,-3.8505055313504237,39.559101420414535,33.44,36.85,1.74,8.57,2.23,4.17,0
Kilifi,2025-12-10,-3.895796194210237,39.910042144735044,14.27,25.68,0.52,17.16,7.73,0.29,1
Kilifi,2026-01-07,-3.7124996816956735,39.568061709672136,17.69,52.62,1.64,39.61,1.11,1.5,0
Kilifi,2026-01-20,-3.6508230869716116,39.78672364930499,19.4,59.81,2.01,26.94,2.62,0.75,1
Kilifi,2025-11-29,-3.5050503089599077,39.618510848442554,15.05,49.85,2.49,25.26,2.07,1.1,0
Kilifi,2025-10-29,-3.4874904148272363,39.836123915075945,22.88,45.52,1.83,18.71,3.68,1.52,1
Kilifi,2026-01-03,-3.4740632542245278,39.65858144080609,20.03,64.47,1.35,15.22,1.53,2.54,1
Kilifi,2025-11-10,-3.90837215489864,39.94882117466569,30.34,55.85,2.64,13.82,0.75,2.29,1
Kilifi,2025-12-22,-3.6730193501177975,39.60014903898521,14.85,71.87,1.15,3.82,1.7,0.21,1
Kilifi,2026-01-06,-3.7303280782952637,39.91427197299558,21.23,66.41,2.25,38.03,3.75,2.89,0
Kilifi,2026-02-06,-3.5595723653088145,39.809868042837685,52.1,75.68,1.98,2.09,5.0,1.39,1
Kilifi,2026-01-30,-3.4609598991985036,39.59236659836035,18.21,57.72,2.69,33.24,3.49,5.91,1
Kilifi,2025-11-20,-3.524100206958009,39.58641986488541,2.41,31.34,1.38,8.31,4.02,0.09,0
Kilifi,2025-11-23,-3.609313253101072,39.5647067294933,38.61,80.23,0.66,0.0,0.72,3.21,1
Kilifi,2026-02-11,-3.6130434952240997,39.890536957275664,35.85,87.41,1.49,12.65,5.02,0.89,1
Kilifi,2026-01-23,-3.7323417422568954,39.856319323227616,26.07,31.7,2.52,0.0,0.65,1.3,1
Kilifi,2026-02-08,-3.873627870950545,39.88946795807733,77.56,88.33,2.98,13.63,0.0,0.44,1
Kilifi,2026-01-01,-3.4617650812880676,39.76732616195942,43.36,77.68,1.88,8.06,2.52,0.04,1
Kilifi,2025-11-22,-3.8951513015491113,39.91996935888223,106.76,120.67,1.07,1.43,3.43,0.02,1
Kilifi,2025-12-03,-3.744474123409396,39.79760114009444,35.05,39.41,1.65,20.33,4.24,0.77,1
Kilifi,2026-02-21,-3.4511427777432924,39.69046045716025,10.5,35.32,2.49,13.96,0.43,5.26,0
Kilifi,2026-02-14,-3.8790860646275482,39.57164064909805,20.2,65.12,1.83,0.0,0.0,1.69,1
Kilifi,2026-01-25,-3.661950786140309,39.56560671908092,75.18,123.52,2.69,0.0,1.15,4.23,1
Kilifi,2026-01-24,-3.473347008969229,39.86494759574891,10.99,59.63,1.56,23.18,0.0,0.5,1
Kilifi,2025-11-30,-3.7895191330001388,39.66043589748407,70.17,151.33,2.79,16.87,0.0,0.36,1
Kilifi,2025-12-17,-3.8260704269912886,39.554307344020415,44.83,74.85,0.95,0.0,5.39,1.4,1
Kilifi,2025-11-28,-3.9444796376560407,39.69121057168812,37.08,54.91,2.2,28.45,4.2,3.43,1
Kilifi,2026-01-02,-3.9351958237419,39.85386385181381,26.86,54.65,2.18,18.14,5.27,0.55,1
Kilifi,2025-10-30,-3.4855610540098043,39.89691666232323,9.6,38.52,1.92,0.35,2.85,1.19,1
Kilifi,2026-02-01,-3.723215086236057,39.91745774667149,4.49,25.6,0.54,24.32,0.63,0.91,1
Kilifi,2025-11-10,-3.8204724251663933,39.849619763745906,48.07,122.16,1.2,3.43,1.98,0.7,1
Kilifi,2026-01-18,-3.8961435503129076,39.78012487798674,18.35,26.7,1.37,9.6,3.18,3.08,1
Kilifi,2026-01-02,-3.578336947993697,39.94557023508042,38.41,61.0,2.54,16.95,0.0,2.12,1
Kilifi,2026-02-10,-3.5561683690079517,39.93352466578709,37.51,44.38,1.81,22.02,4.35,2.09,1
Kilifi,2025-11-30,-3.4690950370726443,39.68362335148008,11.61,19.45,1.21,10.82,1.34,1.21,0
Kilifi,2025-12-13,-3.8272113750614425,39.6507093040132,10.47,23.77,0.91,21.45,3.67,3.15,1
Kilifi,2025-10-31,-3.754356345321819,39.89565706579624,23.28,46.15,0.72,24.15,0.0,4.48,0
Kilifi,2025-12-02,-3.943375871064655,39.55782718335946,26.44,38.91,1.66,20.31,0.0,0.21,1
Kilifi,2025-11-16,-3.9061450215503215,39.89076377010685,56.65,67.72,0.83,2.76,3.11,1.99,1
Kilifi,2025-12-25,-3.835956507516473,39.62059903450379,8.23,26.22,1.48,33.55,1.91,5.4,0
Kilifi,2026-02-05,-3.9470746453965915,39.774377969278206,44.88,62.05,1.87,0.0,6.39,2.97,1
Kilifi,2025-11-18,-3.4521948323818794,39.583267905547345,31.63,47.52,1.12,15.25,3.11,0.25,1
Kilifi,2026-01-06,-3.7090461491106295,39.60117341782025,10.98,16.59,0.7,22.49,3.49,5.14,0
Kilifi,2025-11-14,-3.5407706174921048,39.67048208588571,1.52,12.47,2.27,9.21,1.98,1.69,1
Kilifi,2025-11-08,-3.7151592860985,39.71258651792885,59.22,188.05,2.66,24.09,1.6,4.19,1
Kilifi,2026-02-02,-3.9381640825532203,39.59090343674942,20.69,33.86,1.9,30.01,1.69,0.19,0
Kilifi,2026-02-04,-3.707600937498566,39.88022209351008,33.65,46.79,2.32,10.5,0.86,0.39,1
Kilifi,2026-02-07,-3.6603528353288146,39.907459151200015,57.48,101.95,1.35,12.3,0.27,0.66,1
Kilifi,2026-01-11,-3.5998842146095527,39.64283899261778,15.08,46.01,1.9,32.86,3.28,1.81,1
Kilifi,2025-11-02,-3.6046554673730897,39.89235579174326,18.04,22.99,0.53,32.24,1.05,2.06,0
Kilifi,2025-12-30,-3.619130112305981,39.94841484836983,25.08,43.19,1.81,32.69,1.99,0.62,0
Kilifi,2026-02-02,-3.862146072994219,39.644837232106525,31.81,54.01,2.7,13.83,3.63,4.39,1
Kilifi,2026-02-06,-3.787457353200101,39.80495980061659,16.47,32.66,1.72,13.03,2.76,3.84,1
Kilifi,2025-12-21,-3.7394398478133093,39.644331680221114,33.83,46.02,1.58,17.94,1.02,2.51,1
Kilifi,2026-01-23,-3.6661245905729727,39.83469295696933,45.7,52.83,1.67,0.0,3.65,0.07,1
Kilifi,2026-02-03,-3.4606457192025313,39.55838400389854,66.63,94.47,1.71,5.03,2.15,1.24,1
Kilifi,2025-12-31,-3.8763181831753095,39.870660579227376,29.56,59.41,2.3,11.17,4.48,3.11,1
Kilifi,2026-01-13,-3.581695183554733,39.6086268548339,41.29,50.5,2.46,0.0,2.04,4.87,1
Kilifi,2025-12-27,-3.739987073124781,39.635178962527704,11.19,18.2,1.57,0.0,2.02,5.04,1
Kilifi,2025-12-28,-3.5549397500454485,39.946256213039206,82.05,96.55,2.02,25.11,3.94,1.11,1
Kilifi,2026-01-14,-3.8308131498464713,39.91160905143409,45.85,85.75,2.76,14.58,1.58,0.02,1
Kilifi,2026-01-30,-3.649757334853348,39.914179299442296,12.14,25.85,2.69,4.75,4.52,0.38,1
Kilifi,2026-01-21,-3.7170911227646055,39.55087431438522,56.9,79.06,0.56,36.96,2.69,0.9,0
Kilifi,2025-11-19,-3.4738399497714454,39.762610209146786,20.59,36.18,2.71,0.0,0.0,2.33,1
Kilifi,2025-11-30,-3.8645788422376928,39.86258873794858,18.67,68.53,2.18,12.38,3.93,0.87,1
Kilifi,2026-01-16,-3.5028435434904646,39.77531003311673,47.83,71.9,2.72,15.15,0.23,3.55,1
Kilifi,2026-01-22,-3.901094588174974,39.803605471048535,28.92,52.37,2.77,8.05,1.29,0.65,1
Kilifi,2026-01-31,-3.489057916865847,39.91212563075363,16.84,24.02,0.55,19.03,1.26,1.82,1
Kilifi,2026-02-16,-3.7207099269743584,39.65108704679134,37.67,42.0,2.54,14.41,0.0,0.59,1
Kilifi,2025-11-12,-3.6316769994346374,39.836057210611024,21.69,41.2,1.92,7.51,6.9,1.13,0
Kilifi,2025-11-30,-3.8233690219218026,39.55741047110372,34.74,39.69,0.73,8.19,2.76,3.42,1
Kilifi,2025-12-07,-3.470674218775791,39.8568140221366,35.34,55.4,1.86,27.35,4.06,1.9,0
Kilifi,2025-12-11,-3.4675673418239428,39.922787398322825,14.55,31.82,2.13,31.02,3.33,3.75,1
Kilifi,2026-01-15,-3.816177042149596,39.690778691071095,22.3,77.3,2.18,28.04,2.99,1.36,1
Kilifi,2026-02-09,-3.5238392846796343,39.84420669564005,23.52,45.21,1.82,8.92,1.44,1.88,1
Kilifi,2025-11-20,-3.7636253516243565,39.73940632454455,21.61,89.59,2.35,24.04,0.01,0.25,1
Kilifi,2025-12-24,-3.4893247895529376,39.56021295170065,21.6,36.16,1.85,21.83,5.86,1.14,1
Kilifi,2026-01-07,-3.876154498797344,39.62894487830329,84.26,106.33,1.33,35.56,1.51,5.26,1
Kilifi,2025-11-08,-3.5589714257328553,39.59971743247885,14.55,32.96,2.87,0.0,3.97,1.26,1
Kilifi,2025-12-30,-3.8536660893143106,39.75972656466836,44.34,67.14,2.46,31.18,8.04,2.73,1
Kilifi,2025-11-17,-3.75650065232005,39.85217149908443,20.54,39.94,2.65,27.58,0.61,0.95,0
Kilifi,2025-11-05,-3.535903241226497,39.60239239548668,59.78,87.19,1.98,21.78,2.13,2.6,1
Kilifi,2025-11-05,-3.9111216156363464,39.63093499447056,68.73,86.84,1.61,3.63,1.71,0.21,1
Kilifi,2025-12-16,-3.798119767919614,39.91207104604261,54.43,78.83,2.07,29.1,0.45,0.2,1
Kilifi,2025-12-25,-3.4858186699598797,39.94077605404483,47.0,60.31,1.83,22.35,2.33,0.17,1
Kilifi,2025-11-17,-3.595901898161061,39.809969539775345,112.04,153.63,1.29,21.13,2.16,1.03,1
Kilifi,2026-01-24,-3.7438418439021595,39.65186131657674,12.56,39.88,0.75,41.1,2.96,2.93,0
Kilifi,2025-12-25,-3.920964321128598,39.76022615962832,35.95,64.27,1.68,8.31,0.48,0.03,1
Kilifi,2025-12-08,-3.8314823832210823,39.74823983782986,13.91,26.5,0.86,12.33,4.25,8.56,1
Kilifi,2026-01-10,-3.9439959104665117,39.61372948220815,49.44,74.77,2.09,6.11,4.58,0.39,0
Kilifi,2025-12-02,-3.651209549871206,39.86278326626341,51.47,138.57,1.86,24.37,2.49,4.02,1
Kilifi,2025-12-07,-3.559459736278133,39.70088873373922,43.37,61.75,1.09,26.92,5.77,0.37,1
Kilifi,2025-11-05,-3.8075055719900104,39.62136140875823,9.21,37.53,0.76,32.21,1.65,4.53,1
Kilifi,2025-12-09,-3.906304553201915,39.60448771514867,2.82,11.68,2.18,8.23,1.21,2.89,0
Kilifi,2026-01-07,-3.6591231688023007,39.853489566793726,31.58,48.29,2.52,19.15,3.45,0.44,1
Kilifi,2026-02-14,-3.490526846004087,39.8704088707679,4.91,19.1,1.14,30.48,4.72,1.17,0
Kilifi,2026-01-01,-3.7852136004221846,39.86022731164954,20.75,54.58,0.83,24.11,5.41,0.96,0
Kilifi,2025-11-18,-3.502320680079826,39.86803310804037,57.65,76.35,2.45,22.74,0.0,7.33,0
Kilifi,2026-01-15,-3.894490868909553,39.87888907832466,47.75,55.92,1.42,12.53,0.03,1.01,1
Kilifi,2026-01-25,-3.5237704111306734,39.56821238310025,26.15,38.84,1.21,28.01,3.08,0.6,1
Kilifi,2026-01-02,-3.6829186105190086,39.75645840089422,10.15,19.13,0.73,0.0,0.0,0.85,1
Kilifi,2026-01-28,-3.647944144724357,39.825208635121975,72.53,132.73,1.44,37.54,2.21,1.75,1
Kilifi,2025-11-06,-3.6755533215771563,39.55540705176471,28.62,42.25,2.5,5.31,3.65,2.52,1
Kilifi,2026-02-25,-3.711645353024226,39.68668111574397,19.81,81.55,0.63,18.71,2.97,1.96,1
Kilifi,2026-02-17,-3.925288023157506,39.70157992040924,14.82,23.21,2.39,15.8,5.29,5.36,1
Kilifi,2025-12-04,-3.8713958894076854,39.89449117961441,35.08,57.97,1.29,8.46,0.0,1.84,1
Kilifi,2025-11-20,-3.872992822367203,39.655680270958186,18.98,33.97,2.12,37.49,4.48,3.49,1
Kilifi,2025-12-24,-3.935844638652715,39.59265238018135,36.36,106.95,2.39,0.37,1.13,1.44,1
Kilifi,2026-02-20,-3.643061965328305,39.749623717725704,24.15,80.51,1.49,2.12,0.0,0.35,1
Kilifi,2025-11-25,-3.4732261394318162,39.87691691468869,38.9,59.91,1.01,22.64,3.77,0.8,1
Kilifi,2026-02-17,-3.813696279338237,39.58025753490907,20.7,30.66,2.33,25.03,0.0,1.89,1
Kilifi,2026-01-25,-3.9483991986794678,39.652396234380625,31.19,35.83,1.21,6.08,1.96,1.79,1
Kilifi,2025-12-24,-3.574452843719784,39.84204706682731,54.74,72.02,2.95,14.43,3.32,0.09,1
Kilifi,2025-11-03,-3.8129182241883957,39.673454662101655,4.43,64.63,1.34,13.08,1.01,0.08,0
Kilifi,2026-02-21,-3.6153796233884363,39.65916803809433,12.32,21.87,1.46,8.82,3.4,1.56,1
Kilifi,2026-01-31,-3.475748551151942,39.94817611433721,16.64,63.96,1.2,8.25,3.43,4.72,0
Kilifi,2025-11-30,-3.6761806393437464,39.65421205305216,54.6,59.85,2.81,4.2,4.93,2.73,1
Kilifi,2025-12-23,-3.6995737810493194,39.72727653196987,49.72,68.92,1.64,1.31,2.49,1.13,1
Kilifi,2025-12-25,-3.5064310775999985,39.570579324261594,14.89,23.22,2.96,25.39,4.93,2.2,0
Kilifi,2026-02-18,-3.6456947067304455,39.687641263445045,6.07,20.18,1.8,3.99,1.12,0.25,1
Kilifi,2025-12-22,-3.4630846636307244,39.70207556789908,8.27,53.64,1.86,20.7,6.03,1.39,1
Kilifi,2026-01-24,-3.767124592058899,39.846457336837545,28.75,44.81,1.89,32.42,3.74,1.93,0
Kilifi,2025-12-20,-3.47701117324679,39.91271985040003,33.77,75.43,1.05,18.91,0.0,3.48,1
Kilifi,2026-02-20,-3.578682481779427,39.56377111650803,39.66,43.46,1.94,0.0,5.0,2.93,0
Kilifi,2025-12-30,-3.634712685976083,39.948810967130946,21.72,65.94,0.9,21.4,2.98,3.56,0
Kilifi,2025-11-14,-3.7119698885147185,39.587831114776726,44.88,75.58,2.66,22.31,1.32,1.25,0
Kilifi,2026-01-08,-3.619063351735825,39.9002091665021,25.01,45.62,0.95,17.97,4.57,2.48,1
Kilifi,2026-02-20,-3.4551141207434126,39.89244713723622,20.2,56.47,1.32,0.0,2.75,4.59,0
Kilifi,2026-02-19,-3.9429816017055592,39.83917311361998,29.47,37.21,1.69,1.38,3.99,2.47,1
Kilifi,2026-01-16,-3.633752001079567,39.848965222617935,45.2,65.73,1.27,20.19,3.6,0.78,1
Kilifi,2026-01-13,-3.5079152248890932,39.75254322551524,18.29,26.24,1.92,12.54,0.0,0.96,0
Kilifi,2026-01-14,-3.8546580593354847,39.692487537498465,32.24,49.18,1.18,18.89,3.45,1.69,1
Kilifi,2026-01-16,-3.532704163263028,39.56073105736793,106.98,115.5,1.04,21.84,3.14,4.79,1
Kilifi,2026-01-15,-3.47864393509783,39.788031220156086,14.37,28.72,0.89,9.33,4.43,1.39,0
Kilifi,2026-01-23,-3.6449678247621673,39.87708000854284,19.67,43.67,1.9,30.34,2.75,5.1,1
Kilifi,2026-01-06,-3.4972537102683234,39.72748926118253,24.78,55.41,2.74,23.91,2.7,0.3,1
Kilifi,2026-02-03,-3.874704310176124,39.55250052875775,42.87,65.68,2.66,15.76,2.5,0.36,1
Kilifi,2026-01-25,-3.93857600266965,39.81475786618449,6.46,12.75,2.54,19.69,1.87,0.26,1
Kilifi,2025-11-17,-3.662446538680344,39.63395601278391,36.94,40.56,0.79,20.46,3.75,3.19,1
Kilifi,2025-12-02,-3.678725427042514,39.918461620822356,25.5,37.42,0.66,22.99,2.31,3.29,1
Kilifi,2026-01-30,-3.5329378431462066,39.66307378369121,18.86,37.41,2.41,22.53,4.56,1.07,1
Kilifi,2026-02-09,-3.6339946951284774,39.80970916337319,36.59,41.91,1.62,16.82,4.44,1.41,0
Kilifi,2025-12-26,-3.9385308953961595,39.852547375569884,31.1,50.52,2.17,9.41,2.15,4.14,1
Kilifi,2026-01-07,-3.91193588627468,39.90808000354581,8.06,18.85,2.75,6.78,0.0,0.11,1
Kilifi,2025-12-26,-3.75357607012098,39.856604790272684,62.14,98.83,2.17,18.78,0.16,0.16,1
Kilifi,2026-01-28,-3.7783587013348106,39.90168758643468,53.03,69.86,0.98,21.19,1.88,1.15,1
Kilifi,2026-01-12,-3.4840243610430672,39.567958936512206,64.08,91.06,0.51,29.24,0.72,2.64,1
Kilifi,2026-01-24,-3.557551961920766,39.855547069326974,33.02,44.01,2.8,0.0,2.34,2.55,1
Kilifi,2026-01-18,-3.454880686352783,39.75804000571741,23.66,41.17,1.12,22.4,1.1,2.33,1
Kilifi,2026-02-15,-3.6129911633882155,39.73005426833568,14.9,22.48,1.29,29.46,3.66,2.68,1
Kilifi,2026-02-07,-3.801768314494918,39.66693495219819,54.24,83.68,2.51,15.83,0.0,1.28,1
Kilifi,2025-11-08,-3.845291763421947,39.57542658126643,16.19,32.09,1.74,0.0,5.42,1.41,0
Kilifi,2026-01-15,-3.7327835886247773,39.55011253955604,31.82,88.27,1.58,13.49,4.2,0.26,1
Kilifi,2026-02-23,-3.921387386318499,39.82544864376793,13.15,41.4,2.71,31.03,2.22,2.84,1
Kilifi,2026-02-12,-3.718923901416823,39.60243151425591,41.39,47.55,2.34,42.46,1.02,1.07,1
Kilifi,2025-12-10,-3.4992776055119337,39.84172978655268,11.48,16.91,0.7,15.91,3.04,0.28,1
Kilifi,2025-12-12,-3.486049001928726,39.57450590557078,28.53,48.98,0.51,9.86,4.31,2.51,0
Kilifi,2026-02-14,-3.563245316888942,39.76227374406153,28.54,78.62,2.49,19.45,2.63,0.12,1
Kilifi,2026-02-06,-3.9204734477808483,39.8352641014347,47.66,64.67,2.08,35.24,3.9,1.17,0
Kilifi,2025-12-08,-3.8743124190885574,39.68077662595571,47.31,58.74,0.62,0.0,2.43,0.79,1
Kilifi,2025-12-19,-3.670682041574904,39.898531987295215,35.3,54.36,1.99,24.51,0.87,2.94,1
Kilifi,2025-11-13,-3.8212402031136645,39.941242862741795,42.05,92.92,0.66,33.68,4.25,0.18,1
Kilifi,2025-12-14,-3.730264349151234,39.65483018917951,19.69,34.4,0.88,30.02,4.5,4.23,0
Kilifi,2025-11-22,-3.6899609736034007,39.568938247647296,26.89,51.08,1.27,38.7,6.73,2.53,1
Kilifi,2025-11-29,-3.8568598395201428,39.60278278429991,10.71,40.77,1.34,22.9,5.28,0.3,1
Kilifi,2025-11-27,-3.576495739750797,39.63046567971302,18.48,70.52,1.3,37.97,0.44,2.83,1
Kilifi,2026-02-01,-3.7468944902912775,39.66971994453592,17.96,69.84,2.53,15.46,2.83,0.23,0
Kilifi,2026-01-21,-3.514712815084173,39.9359859812714,12.81,34.8,2.29,29.76,2.65,0.12,1
Kilifi,2025-12-16,-3.5155623954975694,39.92841097906237,25.16,84.86,1.48,23.63,4.24,2.2,1
Kilifi,2026-01-31,-3.655257411280681,39.69107753767594,14.57,53.74,2.14,14.72,1.36,1.07,1
Kilifi,2025-12-20,-3.912613411859953,39.82689797751303,53.39,108.57,1.19,44.5,1.84,1.16,1
Kilifi,2025-12-05,-3.6259586523377103,39.82878226351332,43.5,54.92,2.68,25.85,3.52,0.14,0
Kilifi,2025-11-05,-3.764339322341902,39.55562956974104,47.18,63.63,0.86,0.16,0.0,2.59,1
Kilifi,2025-11-21,-3.8400391557673075,39.80718925405,7.38,29.37,1.33,33.83,5.91,2.14,1
Kilifi,2026-01-03,-3.6972068982636612,39.73846555625025,23.49,37.73,0.92,12.2,0.0,5.35,1
Kilifi,2026-01-08,-3.9308772152142506,39.62127360490628,11.45,34.17,2.46,31.52,0.11,0.04,0
Kilifi,2026-01-07,-3.9106618826123523,39.59569487106842,46.24,77.54,0.87,17.79,3.05,1.1,1
Kilifi,2026-02-05,-3.838638781370151,39.77397225797209,30.68,33.27,2.67,3.06,0.86,1.24,1
Kilifi,2025-12-12,-3.4871569743797086,39.94172394451494,71.34,79.95,1.42,10.07,1.38,1.43,1
Kilifi,2025-11-09,-3.912016724630509,39.60435109161921,28.23,33.85,2.42,23.04,3.98,1.65,1
Kilifi,2026-01-24,-3.605012824802045,39.72206406609226,22.15,45.08,2.83,32.83,2.48,0.63,1
Kilifi,2025-12-15,-3.672304632256153,39.55552213073934,2.9,27.1,1.37,16.51,3.05,0.17,1
Kilifi,2026-01-17,-3.645264694671963,39.66865054319223,24.73,26.21,0.51,35.61,3.41,1.13,0
Kilifi,2026-02-13,-3.5733475402066426,39.89294653208173,17.9,35.87,2.64,0.0,6.6,3.65,1
Kilifi,2025-12-25,-3.8417848119001206,39.80361913934304,17.68,40.77,2.72,0.0,1.16,0.66,0
Kilifi,2025-11-05,-3.8374731699747695,39.67403103239126,10.1,35.8,2.2,20.17,3.03,2.11,1
Kilifi,2026-02-02,-3.516451371413719,39.60917104874734,30.85,38.87,1.61,2.47,4.74,6.06,1
Kilifi,2026-02-16,-3.847037055236055,39.90160852069905,21.01,38.06,1.22,16.91,0.0,1.81,0
Kilifi,2025-12-03,-3.888808156558204,39.91759032230935,19.58,27.62,1.64,25.97,2.68,0.81,1
Kilifi,2025-12-22,-3.6453423558999902,39.72787667405615,45.86,97.98,1.19,13.42,2.69,2.86,1
Kilifi,2025-11-19,-3.8864289232422404,39.852640014939425,22.79,55.71,1.18,17.53,5.28,0.41,0
Kilifi,2025-11-08,-3.744151380868783,39.80190222890423,43.46,76.12,2.34,39.69,0.89,10.8,1
Kilifi,2025-11-05,-3.930535530667198,39.767183939704104,17.79,22.79,2.9,17.39,0.52,2.86,1
Kilifi,2025-11-18,-3.8908884716912313,39.73615596161072,66.5,72.58,1.0,23.67,0.0,0.63,1
Kilifi,2025-12-31,-3.7950470365069218,39.580299460090544,34.16,88.67,1.91,24.13,2.5,1.68,1
Kilifi,2025-11-30,-3.6851681686957103,39.567368121715994,33.77,39.41,1.31,29.94,2.32,0.05,1
Kilifi,2025-11-21,-3.6024157852528647,39.653392066372824,10.66,73.56,2.32,19.64,1.91,0.1,0
Kilifi,2026-02-01,-3.6630651686363254,39.69840841099245,41.11,56.53,0.99,30.04,0.0,0.91,1
Kilifi,2025-11-11,-3.6907903545070018,39.72927249495284,16.74,44.51,2.8,25.6,1.95,0.96,1
Kilifi,2025-11-28,-3.5658683048186943,39.553292817765595,12.22,47.7,2.55,14.21,0.98,2.33,1
Kilifi,2025-12-22,-3.9383450881054984,39.786497694581314,55.05,107.83,1.38,4.75,0.0,0.45,1
Kilifi,2026-02-05,-3.9211605430812506,39.57087657573346,27.4,35.62,2.89,3.72,1.79,1.71,1
Kilifi,2025-12-29,-3.7121058446957496,39.64899976357819,48.17,91.56,2.52,36.98,3.27,3.8,1
Kilifi,2025-10-31,-3.747968498464362,39.80244911084263,24.87,52.88,1.84,19.01,2.18,0.17,1
Kilifi,2025-12-29,-3.7576013374328197,39.86292103954081,49.11,60.05,1.66,0.97,4.6,0.97,1
Kilifi,2026-02-20,-3.8294238210323828,39.911702094327694,37.55,48.96,1.38,22.61,0.83,1.37,1
Kilifi,2025-12-26,-3.641011572285136,39.65514030208874,85.54,92.45,1.58,24.77,1.47,3.13,1
Kilifi,2025-11-24,-3.698261312326184,39.897611667458555,56.87,68.14,1.65,13.51,0.0,0.44,1
Kilifi,2026-02-21,-3.79000235839653,39.584041699522174,30.47,80.23,2.44,2.98,5.08,5.36,1
Kilifi,2025-11-01,-3.575409613438615,39.64093197218957,6.83,34.12,1.92,4.28,5.65,1.41,1
Kilifi,2025-11-02,-3.7057750318111973,39.70587589951042,19.62,47.88,1.27,14.84,1.2,0.17,1
Kilifi,2026-01-12,-3.633100512796215,39.62602304310783,66.45,110.19,0.63,20.83,3.17,0.51,1
Kilifi,2025-12-14,-3.794655534959852,39.64597403090712,29.95,93.15,0.9,10.28,1.99,3.78,0
Kilifi,2026-01-20,-3.6783206973509053,39.581636267236284,136.64,165.94,1.98,0.0,5.31,0.56,1
Kilifi,2025-12-24,-3.7393416968596864,39.552879826588125,37.55,63.56,1.98,22.35,5.77,1.1,1
Kilifi,2025-11-27,-3.9359424195093524,39.84127850573828,13.45,115.08,0.99,10.3,0.0,0.35,1
Kilifi,2026-02-23,-3.9208861780415774,39.665638368128825,6.78,52.54,2.21,21.15,0.98,2.62,1
Kilifi,2025-11-23,-3.88880758949607,39.646886492312454,3.65,18.24,2.57,24.64,3.09,1.74,0
Kilifi,2025-12-04,-3.6434669031495956,39.67000344790646,0.61,11.52,1.23,21.0,0.0,5.92,1
Kilifi,2025-11-07,-3.6765625240499076,39.92594293650488,38.57,53.56,1.13,27.67,5.43,0.15,0
Kilifi,2025-11-08,-3.53016050623801,39.8196024434642,16.1,119.1,2.73,21.21,0.38,1.93,1
Kilifi,2026-02-11,-3.945860916962143,39.767207661849824,42.14,60.48,1.44,19.94,0.0,0.39,1
Kilifi,2026-01-06,-3.8784690585742085,39.85466101262807,15.34,30.76,2.11,17.07,2.64,1.93,1
Kilifi,2026-01-18,-3.863282168553813,39.690179177635464,30.08,49.03,1.49,13.56,2.47,3.07,0
Kilifi,2026-02-17,-3.9346446613893646,39.65848126433969,22.94,58.94,2.13,44.98,0.0,1.5,1
Kilifi,2026-01-30,-3.6837069926513584,39.665157905994235,20.29,37.16,1.56,20.95,3.69,3.26,1
Kilifi,2026-02-13,-3.4715986199777147,39.87151863353141,17.17,36.34,0.59,24.87,2.49,0.0,0
Kilifi,2025-12-26,-3.618535798120757,39.90531377563389,32.4,52.87,2.35,8.07,1.86,4.29,1
Kilifi,2026-02-10,-3.5588489764626834,39.943625454294384,48.72,98.31,2.15,40.8,0.28,0.14,1
Kilifi,2025-11-27,-3.8129783834556124,39.83448740497292,54.48,61.33,1.48,14.74,4.1,1.2,1
Kilifi,2026-02-05,-3.822680186294306,39.771401770947,13.56,42.0,1.29,11.38,2.37,1.85,1
Kilifi,2025-11-06,-3.575719299943771,39.69722765360763,22.27,43.18,1.55,7.06,1.86,0.23,1
Kilifi,2025-12-17,-3.8314939834246315,39.69854522791268,20.47,66.35,0.67,17.95,3.17,9.79,1
Kilifi,2025-11-08,-3.6055390076570903,39.716753890347555,41.28,56.66,1.12,24.32,1.77,1.55,1
Kilifi,2025-12-02,-3.4978971305580657,39.5548269321101,17.0,49.81,1.29,8.62,2.7,7.03,1
Kilifi,2026-01-12,-3.912812897136905,39.668065808087164,6.37,31.56,2.01,27.31,2.6,4.24,0
Kilifi,2025-12-05,-3.781946223529838,39.79454129337654,42.2,80.22,2.29,0.0,2.78,0.79,1
Kilifi,2025-11-22,-3.499730997275707,39.678543024618776,12.49,55.77,2.74,39.1,2.63,1.95,1
Kilifi,2025-10-29,-3.4901634855041346,39.9173524499728,11.44,23.69,1.79,29.41,3.53,0.5,1
Kilifi,2026-02-09,-3.9476995592453226,39.73464533080058,37.24,61.92,1.09,1.58,2.51,2.55,1
Kilifi,2026-01-27,-3.9322469294217615,39.64867194107731,38.38,42.18,1.66,9.64,0.0,0.87,1
Kilifi,2025-11-02,-3.47300211822716,39.83959126321537,23.43,58.05,1.9,21.45,3.12,1.88,1
Kilifi,2025-11-16,-3.508811942288367,39.7737940170429,51.26,79.77,1.31,6.56,3.42,1.44,0
Kilifi,2025-12-24,-3.5117331773078173,39.87012880820045,11.06,37.98,0.74,16.47,1.4,1.63,1
Kilifi,2026-01-01,-3.620518564759244,39.63935934821814,25.96,48.75,1.02,4.36,4.02,3.62,0
Kilifi,2026-01-16,-3.905048433496124,39.81424992107635,23.0,47.12,1.9,20.55,1.18,1.13,1
Kilifi,2026-02-19,-3.4761633214391954,39.66861142470959,25.4,53.11,0.8,13.45,0.0,1.24,1
Kilifi,2026-01-14,-3.599064281771372,39.86446726928325,40.36,53.9,0.51,4.92,0.88,0.21,1
Kilifi,2025-10-29,-3.651849235503503,39.75607467316911,84.07,96.79,1.58,1.56,3.09,2.97,1
Kilifi,2025-12-10,-3.7232184058062914,39.686714232375614,52.06,106.12,2.48,8.91,4.26,0.66,1
Kilifi,2026-02-02,-3.586217917097948,39.67554547597918,24.81,40.67,1.88,25.21,0.0,2.76,0
Kilifi,2025-11-18,-3.6849997862135653,39.78637455809772,54.81,71.5,1.44,15.57,2.69,0.12,0
Kilifi,2025-12-10,-3.674859169896724,39.7148332764505,9.34,23.67,2.41,10.8,0.82,1.62,1
Kilifi,2026-01-17,-3.518029795002049,39.664196549732885,18.55,53.56,1.93,25.86,0.03,3.39,1
Kilifi,2026-01-04,-3.5507968754289743,39.72779399322771,8.87,21.2,2.1,15.14,1.39,3.7,1
Kilifi,2026-01-09,-3.844056689828468,39.89308586470551,15.19,34.55,1.69,10.54,4.03,1.39,1
Kilifi,2025-11-07,-3.53713410803947,39.5525841601074,20.1,31.61,2.41,8.59,0.42,0.45,1
Kilifi,2025-11-09,-3.678080011176263,39.861024042149,14.81,24.85,2.72,9.65,3.82,1.95,1
Kilifi,2026-01-18,-3.923877909604826,39.64901161104699,19.9,60.01,2.98,43.15,3.76,3.68,1
Kilifi,2026-01-05,-3.7339485920758078,39.84746957987865,81.27,91.5,1.34,18.22,2.02,0.1,1
Kilifi,2025-12-10,-3.7041726981725103,39.89604251211901,18.05,24.88,2.03,6.99,2.9,0.4,1
Kilifi,2026-01-09,-3.9297636263955997,39.731777321569346,36.12,47.49,1.38,19.09,5.64,0.84,1
Kilifi,2025-12-09,-3.5958645539200753,39.61972840325281,28.05,31.96,2.39,18.8,3.33,2.73,1
Kilifi,2025-11-14,-3.7895901803551397,39.721214196956694,50.11,117.7,2.86,7.06,1.77,1.06,1
Kilifi,2025-11-05,-3.6693121691166253,39.712286163387404,16.56,36.19,1.1,0.0,4.09,0.74,0
Kilifi,2026-01-15,-3.862454698765879,39.87944891103956,14.27,27.96,0.89,33.59,0.0,2.1,1
Kilifi,2025-12-03,-3.528826639991017,39.83577683181282,45.28,86.27,2.37,7.55,0.92,1.0,1
Kilifi,2025-12-15,-3.5460041965267757,39.659554275220835,50.15,64.18,2.64,30.43,0.99,4.71,1
Kilifi,2026-01-31,-3.822221872501884,39.737816783552006,15.21,18.57,2.95,27.39,3.64,1.65,0
Kilifi,2025-12-22,-3.830785045672247,39.69128568325133,20.67,50.89,0.69,11.45,0.0,1.56,1
Kilifi,2025-11-15,-3.8102037519883516,39.60655034573554,94.79,109.3,0.88,24.61,0.0,2.96,1
Kilifi,2025-11-15,-3.5551291400468754,39.71046243188706,10.45,20.33,2.9,11.87,2.0,1.25,0
Kilifi,2025-12-27,-3.5073461113778706,39.84444044416116,9.83,17.57,2.23,22.56,0.08,1.26,1
Kilifi,2026-02-11,-3.8432247068484773,39.69525634080846,92.56,114.52,1.87,15.34,0.7,3.07,1
Kilifi,2025-12-12,-3.83074741926304,39.68262926991669,33.97,66.26,0.94,29.29,2.76,2.71,1
Kilifi,2026-01-31,-3.6090466053103194,39.87960680387448,47.59,54.75,2.82,15.74,7.1,2.03,1
Kilifi,2026-01-14,-3.893594252912374,39.574590500166245,43.76,75.93,2.62,43.51,0.0,0.38,1
Kilifi,2025-12-13,-3.489188120272704,39.666369248970284,20.56,62.33,1.88,21.53,0.94,1.8,0
Kilifi,2025-12-03,-3.4589083606579716,39.61879057453724,14.4,16.32,2.69,32.03,2.42,6.05,0
Kilifi,2025-11-10,-3.522332684088946,39.82919325141556,1.6,14.93,1.93,28.33,0.0,0.41,0
Kilifi,2025-11-21,-3.604458380217043,39.739004967730764,12.69,33.03,1.84,4.39,3.86,4.56,0
Kilifi,2025-10-29,-3.9449565901643506,39.68965209410414,38.89,54.22,2.47,21.97,5.43,2.15,0
Kilifi,2026-01-15,-3.907374023674026,39.73308982885429,15.8,43.24,1.84,6.63,6.5,0.78,1
Kilifi,2025-11-30,-3.9036824113985378,39.66470583745413,15.83,35.26,2.04,0.0,2.75,2.16,1
Kilifi,2026-01-15,-3.722952693563201,39.857080371833455,62.94,74.98,0.52,20.93,2.56,0.37,1
Kilifi,2026-01-11,-3.6614014216620485,39.94675174413147,9.79,32.72,0.87,31.15,2.06,0.93,0
Kilifi,2026-01-17,-3.6894139654277165,39.79999298527014,19.85,41.76,1.94,16.18,5.18,0.69,0
Kilifi,2025-12-06,-3.7543675147839495,39.6539393090135,33.17,48.6,1.16,12.81,0.75,0.56,1
Kilifi,2026-02-12,-3.6131467260497114,39.62232157264108,69.5,83.86,2.18,20.96,2.18,2.43,1
Kilifi,2025-12-14,-3.731507291755606,39.81851080792663,18.62,33.06,2.05,30.43,3.61,1.3,0
Kilifi,2025-12-13,-3.48687738634797,39.93322085179796,28.11,91.62,1.76,13.05,0.66,0.52,1
Kilifi,2025-12-18,-3.8757358560351856,39.63235098459883,40.48,49.14,0.61,25.44,1.82,0.32,1
Kilifi,2026-02-13,-3.894526920350703,39.89328279635965,44.51,89.29,1.18,22.99,0.0,1.16,1
Kilifi,2026-01-01,-3.9300189407012023,39.59979135712415,28.63,32.37,1.05,23.07,2.94,4.36,1
Kilifi,2026-01-23,-3.7857692254804673,39.75471079878993,9.43,11.7,1.33,15.93,2.05,2.64,0
Kilifi,2026-01-14,-3.8957450665266897,39.68034206799067,42.45,66.32,2.7,11.45,2.78,2.65,1
Kilifi,2025-12-07,-3.8664982421310703,39.63071702302217,23.61,60.12,1.12,31.23,2.44,7.72,0
Kilifi,2026-01-14,-3.9149459382612553,39.65944125066591,62.07,72.12,1.27,26.51,3.23,2.78,0
Kilifi,2025-11-01,-3.5298065490677,39.725003443506424,7.59,21.06,2.55,9.21,1.65,1.51,0
Kilifi,2025-11-28,-3.807690228333325,39.81952445775345,16.29,31.01,2.66,13.16,3.13,3.01,0
Kilifi,2026-01-10,-3.7579528282175336,39.6784365769163,20.81,35.08,0.52,44.24,1.83,0.92,0
Kilifi,2026-01-16,-3.872546104160455,39.8168992031538,34.79,63.63,2.51,23.41,5.65,6.62,1
Kilifi,2025-12-11,-3.4743612267507196,39.79764639549656,29.97,57.84,1.07,24.27,1.8,0.25,1
Kilifi,2025-12-12,-3.4792744682677097,39.82648958992007,1.2,29.73,2.67,0.0,0.65,3.78,0
Kilifi,2025-12-08,-3.8527477255775855,39.84973838489426,1.96,36.6,1.72,8.74,4.54,0.01,1
Kilifi,2025-11-06,-3.8636076315163805,39.78192182234113,11.09,33.45,1.28,22.4,2.87,0.43,1
Kilifi,2025-11-20,-3.470451293125544,39.837775622869174,51.85,66.91,0.55,10.35,1.41,1.26,1
Kilifi,2025-12-10,-3.869452859696714,39.62350071264722,55.69,86.71,0.59,24.06,3.6,0.92,1
Malindi,2026-02-04,-3.3450556852697675,40.085907464523125,26.86,85.06,0.52,5.34,2.52,3.08,1
Malindi,2025-11-27,-3.0985141463312518,39.94237212591976,14.05,26.91,1.9,7.31,2.06,0.04,0
Malindi,2026-01-02,-3.322394046591012,40.03070359503134,78.12,85.93,2.87,27.78,5.5,0.32,1
Malindi,2025-12-02,-3.284513714008726,40.06103397316678,28.78,39.65,1.14,19.6,1.61,1.73,0
Malindi,2026-01-11,-3.198679199389934,40.07527382054493,5.33,8.89,2.53,13.13,1.34,2.06,1
Malindi,2026-02-12,-3.183205152069173,40.03379570687307,14.87,22.09,1.48,18.27,4.37,1.31,0
Malindi,2026-01-29,-3.196246790516214,39.975881970311214,13.2,24.37,0.99,12.12,2.26,0.09,1
Malindi,2026-01-16,-3.290065962923138,40.024735343144926,59.45,67.2,2.93,13.45,5.98,1.14,1
Malindi,2025-10-29,-2.995747249569514,40.00808565771412,28.77,60.13,1.86,24.64,5.85,1.77,0
Malindi,2025-12-08,-3.215664677705297,40.05342185216563,40.91,69.67,1.49,20.27,4.5,3.08,0
Malindi,2025-12-28,-3.3730099136843177,39.92696876909008,15.16,32.47,2.22,17.63,3.0,0.18,1
Malindi,2026-01-11,-3.3299707260648987,40.11100543391945,9.87,37.08,1.28,16.82,2.82,0.14,1
Malindi,2026-02-15,-3.0277751252768828,40.122951502068474,28.05,42.63,1.09,13.32,1.8,1.55,1
Malindi,2025-10-29,-3.088312026924712,40.044620712267594,63.41,100.55,1.84,25.92,6.89,0.06,0
Malindi,2026-02-18,-3.2484549156171396,39.96223526297503,9.45,14.67,1.54,16.09,3.12,0.11,1
Malindi,2025-12-27,-2.967855007157152,40.00449518033879,39.86,46.8,0.94,24.32,3.48,1.03,0
Malindi,2026-01-30,-3.236289433253882,39.94726981560274,29.73,38.28,1.45,0.0,3.1,2.95,1
Malindi,2025-11-30,-3.1466724051538804,39.9650311143525,28.79,58.32,1.17,33.4,2.62,4.91,0
Malindi,2026-01-04,-3.372456853439992,39.97399907025436,59.34,89.22,1.51,12.9,0.0,0.56,1
Malindi,2025-11-09,-3.274713706933621,40.02907931443871,69.7,83.28,2.37,4.89,3.52,0.25,1
Malindi,2025-11-27,-3.075368786870204,40.114038415669164,23.13,50.84,0.76,27.18,4.59,1.95,1
Malindi,2025-12-07,-2.9832478916176863,40.13943934528623,27.08,52.17,2.43,33.42,0.38,1.86,1
Malindi,2025-11-09,-3.0569677622294638,40.08990938118363,75.49,89.08,2.91,31.31,0.0,0.93,1
Malindi,2025-12-30,-3.352136315718775,40.01560329861603,23.85,54.07,2.21,26.01,1.53,1.43,1
Malindi,2025-12-18,-3.291613689530139,40.10706418986706,17.72,24.55,2.17,17.57,2.24,0.44,1
Malindi,2025-11-17,-3.3573591393731705,40.09720299944075,47.48,52.38,2.01,17.09,3.67,1.4,1
Malindi,2026-01-07,-2.957923014097696,40.042896377466626,72.39,110.79,1.43,35.3,1.15,1.91,0
Malindi,2025-11-11,-3.110653142077691,39.92794957547095,33.68,60.7,1.87,14.09,3.33,0.01,1
Malindi,2026-02-01,-3.222593766410372,39.92427401885423,28.87,67.51,2.31,25.88,0.78,0.59,1
Malindi,2026-02-06,-3.1273827218350725,39.914917330902334,4.6,18.33,1.43,30.8,0.0,1.09,1
Malindi,2025-12-27,-3.3125421910004116,39.985142240013204,28.19,56.68,2.43,28.67,4.75,1.36,0
Malindi,2026-01-23,-3.2288824721726503,40.08932139706803,32.06,56.66,2.61,0.0,2.49,2.59,0
Malindi,2026-02-21,-3.3572737782045925,40.13596123371153,25.91,46.71,1.18,18.37,1.45,1.09,1
Malindi,2025-12-02,-3.319586496549519,40.140151381066815,20.81,35.49,2.51,0.0,1.02,1.61,1
Malindi,2026-01-25,-3.2852950053794174,39.93867790261135,2.03,14.53,1.18,29.03,3.74,1.5,1
Malindi,2025-11-08,-3.2283742140734417,40.123196651929746,44.49,58.24,1.07,26.35,0.0,2.69,1
Malindi,2025-11-25,-3.178274481239383,40.11155798444554,68.44,77.55,2.95,13.23,2.91,1.06,1
Malindi,2025-12-15,-3.157778686291361,39.912755198040394,29.03,49.55,1.88,2.4,4.9,4.33,1
Malindi,2025-11-17,-3.349588782476962,39.91202120098471,38.34,47.94,2.16,10.24,1.67,7.35,1
Malindi,2026-01-21,-3.182449077308147,40.085152943293416,22.92,44.38,2.51,5.68,4.01,4.08,1
Malindi,2025-12-08,-3.0497278919141775,39.905787397331416,6.54,24.95,2.72,22.95,5.48,4.81,1
Malindi,2025-11-13,-3.0821324181277374,39.908743024655834,34.58,66.17,1.45,17.35,7.13,0.27,0
Malindi,2025-11-15,-3.293144191689214,39.971243104167456,28.55,53.23,2.27,38.28,4.58,4.5,1
Malindi,2025-11-01,-2.9921903400425736,39.977235942084725,7.47,26.94,0.84,7.59,0.68,7.04,0
Malindi,2025-11-09,-2.983271409162072,39.946399967973825,30.06,53.96,1.61,1.0,0.0,0.01,1
Malindi,2025-11-12,-3.3184537695520566,40.06357022213981,10.31,25.24,0.51,41.98,2.13,1.11,0
Malindi,2025-11-01,-3.1361993673001924,40.11745312568061,12.47,16.7,2.31,8.72,6.44,0.86,1
Malindi,2025-12-31,-3.277055020101029,40.14074149135235,27.95,36.63,0.71,0.04,2.2,1.28,0
Malindi,2025-12-27,-3.239528309601534,39.9862489884708,79.83,100.86,1.39,24.88,4.44,0.84,0
Malindi,2025-12-10,-3.2699304971031324,40.08969139897426,51.84,64.45,0.93,36.33,3.68,1.29,0
Malindi,2026-02-13,-3.1012160130085595,40.09023715512737,13.03,30.84,2.75,18.85,6.87,0.54,0
Malindi,2026-01-29,-3.172148940224445,39.97013537213387,32.37,52.04,2.12,23.43,2.59,1.09,0
Malindi,2025-12-16,-3.3206379647003703,39.96743115397023,27.72,45.69,2.8,26.94,2.25,2.16,1
Malindi,2026-01-17,-3.2877937068119785,40.0245226395838,44.02,55.68,0.72,9.84,1.32,1.27,1
Malindi,2026-01-02,-3.05367587617135,40.08449828265155,34.64,45.71,2.31,18.94,3.24,2.76,1
Malindi,2026-01-21,-3.2861741946003207,39.961882230989374,41.88,91.66,1.25,28.26,3.52,4.08,1
Malindi,2025-11-07,-3.1318597131346895,40.105547881485585,16.66,66.46,2.85,13.06,2.96,0.52,1
Malindi,2025-11-11,-3.0266287052141916,40.13007296648118,21.81,45.85,0.84,40.96,3.98,4.43,1
Malindi,2026-01-19,-3.3516753436740867,40.12576865668475,6.86,28.53,2.27,1.59,3.16,2.66,1
Malindi,2025-12-19,-3.331136133856514,39.98602957978969,5.55,15.15,2.45,6.11,1.76,0.54,1
Malindi,2026-02-21,-2.9747918920491383,39.96580412392072,31.33,34.76,2.44,12.68,2.53,0.37,1
Malindi,2026-01-21,-3.2817946059627885,39.98603501601114,23.73,35.42,2.26,9.23,2.03,1.61,1
Malindi,2026-02-10,-2.951490793073831,40.10751186738028,6.97,28.85,1.1,13.54,3.27,2.03,0
Malindi,2025-12-17,-3.170225877452927,40.063837909068354,11.3,16.17,1.68,25.78,2.83,1.89,1
Malindi,2026-01-19,-2.9688487523770184,40.10639492040612,7.67,20.78,2.34,39.73,6.29,4.65,0
Malindi,2025-12-04,-3.233695335593879,39.98685101525285,14.54,60.73,1.21,0.0,3.08,1.02,1
Malindi,2026-02-15,-3.178022879611751,39.968182707205216,43.08,93.86,2.48,8.63,0.81,4.99,1
Malindi,2025-11-10,-3.2063775409886808,40.09259323315873,30.01,63.97,1.6,1.08,2.15,0.96,1
Malindi,2025-11-03,-2.9871521473177807,40.03352444126679,15.48,41.89,1.4,18.8,0.0,0.47,1
Malindi,2025-11-05,-3.3284179212038305,39.99599687822698,7.13,16.61,2.64,10.41,2.22,0.62,1
Malindi,2025-12-15,-3.1720704529419703,40.03454436457523,11.47,23.85,1.57,8.14,3.39,2.44,0
Malindi,2026-02-12,-2.96351713095809,39.97241381456746,40.46,63.07,1.85,12.45,1.65,2.07,0
Malindi,2025-12-13,-2.997349073420843,40.12695995077358,6.43,30.02,2.2,21.81,5.22,3.93,1
Malindi,2026-01-13,-3.235360183407345,40.125905672902434,9.34,37.26,2.54,8.05,2.92,2.43,1
Malindi,2025-12-22,-3.0480241475705037,40.04758360381194,14.9,49.21,0.68,17.85,1.18,2.15,1
Malindi,2026-01-06,-3.346125287535512,40.076326753322384,40.54,65.39,1.47,2.52,4.25,3.42,0
Malindi,2026-02-16,-3.042233286195898,39.97353592843504,18.09,20.68,1.12,37.61,4.0,1.42,1
Malindi,2026-02-16,-3.0238900103643735,39.93214601916609,20.66,51.27,1.16,17.28,2.32,1.47,1
Malindi,2025-12-31,-3.307550185694146,40.005567971029514,43.82,56.56,0.86,34.88,3.41,0.47,1
Malindi,2026-02-24,-3.023766129796529,39.94438651725939,13.41,31.25,2.59,40.9,0.85,0.21,1
Malindi,2025-12-28,-3.1288051340603924,40.070319705948165,18.78,48.98,1.14,19.83,4.81,6.87,1
Malindi,2025-12-23,-3.016468906328625,39.96919778981069,14.9,29.76,1.04,0.1,0.0,1.86,0
Malindi,2025-11-17,-2.962158492490402,39.95893310229132,13.49,58.11,1.82,23.23,1.98,1.88,0
Malindi,2025-12-13,-3.3428997644865857,40.10569015349105,8.16,25.9,2.83,5.52,0.23,0.2,1
Malindi,2025-12-03,-3.368269328666049,40.06569053560867,11.19,25.25,0.58,27.13,2.44,0.68,0
Malindi,2025-12-16,-2.956097974627576,40.06859215809906,42.23,49.16,1.03,9.02,0.0,0.28,1
Malindi,2025-12-01,-3.395362256401551,40.01353685943215,46.74,61.35,2.52,24.82,3.0,1.8,1
Malindi,2026-01-19,-3.0465825348771114,40.13549487645081,15.72,68.93,1.45,22.52,2.53,3.05,0
Malindi,2025-11-11,-3.3028240290721507,39.989567333621366,24.86,71.09,2.7,0.5,0.0,4.41,1
Malindi,2025-11-13,-3.0280075345583235,40.00581201779058,8.42,21.75,0.87,35.84,3.24,1.27,0
Malindi,2026-02-01,-3.366501164215718,40.145653171632404,10.65,49.1,1.0,52.64,0.0,2.78,0
Malindi,2025-12-17,-3.1380437894689592,40.03231386537761,57.31,83.8,2.53,6.53,1.46,1.97,1
Malindi,2025-12-18,-3.3996554191506054,39.93785806783568,3.32,12.88,1.26,17.49,2.6,0.62,0
Malindi,2026-01-08,-3.376191586934906,39.94915497048966,13.86,20.41,0.59,6.67,1.8,2.46,0
Malindi,2026-02-02,-3.371032965039608,39.96737657935819,25.87,35.91,1.21,18.86,3.74,0.46,0
Malindi,2026-01-06,-3.180706970900268,40.04346622317834,4.43,23.48,2.53,18.77,0.0,1.57,0
Malindi,2025-12-04,-3.342078617680791,39.935966239308605,17.52,29.37,2.82,23.04,0.0,1.52,1
Malindi,2026-01-16,-3.1816325050844405,40.03424491677027,13.86,28.61,1.64,28.21,5.31,3.03,0
Malindi,2026-01-19,-3.27521247555796,39.907826398987744,21.79,43.97,1.16,25.7,0.0,1.76,1
Malindi,2025-11-07,-3.349978373447805,39.96052468099786,36.22,43.45,2.57,7.05,5.83,0.06,1
Malindi,2026-01-23,-3.2396264671459645,39.994835712638974,36.17,47.17,2.04,0.0,3.68,1.67,1
Malindi,2026-01-29,-3.241818827308766,40.10537334680098,18.25,51.18,2.31,16.63,4.24,0.25,1
Malindi,2026-01-11,-3.3493779704740816,39.90806612447645,41.04,90.14,2.58,16.63,2.24,1.13,1
Malindi,2025-11-27,-3.2112247613424856,40.07193593268605,38.91,65.62,2.85,26.84,0.69,2.77,1
Malindi,2026-01-17,-3.0067850489274095,39.98228060321745,29.78,36.1,0.96,36.44,2.38,0.74,1
Malindi,2026-01-11,-2.9624011179770426,40.073128080103515,15.64,56.09,2.84,21.81,2.6,6.15,1
Malindi,2025-11-11,-2.9674510295463383,40.12792485780501,33.88,68.02,2.07,12.96,1.42,2.93,1
Malindi,2026-02-08,-2.958657665054156,39.952882378443775,23.13,30.95,2.78,19.19,0.21,2.14,1
Malindi,2025-11-17,-3.213232228714749,40.059022271502265,8.75,32.32,1.06,13.07,3.64,0.02,0
Malindi,2026-01-20,-3.101639798673446,39.97726890853289,20.9,24.97,0.74,19.86,1.19,1.95,1
Malindi,2026-02-03,-3.082549767578103,40.048695526794056,34.82,46.21,0.98,10.65,4.0,1.36,1
Malindi,2026-02-08,-3.2700796320652286,39.951639984543014,17.66,104.14,2.89,23.45,3.27,0.8,1
Malindi,2025-12-09,-3.1516995938844254,39.95749862729893,56.7,61.39,1.93,8.79,5.48,0.72,1
Malindi,2025-12-09,-3.321079954043992,39.97957121063047,24.74,53.67,2.32,3.1,4.35,0.61,1
Malindi,2026-01-18,-3.0612908802554393,40.01027868252701,27.49,40.54,0.76,20.35,0.0,2.5,0
Malindi,2025-11-01,-3.3411163111492987,39.91656808621361,35.8,44.53,0.73,23.21,3.3,1.88,1
Malindi,2026-01-29,-3.099440849964025,40.099405867403924,23.32,32.67,1.5,23.62,2.74,3.29,0
Malindi,2026-01-12,-3.3140718964468183,39.98640459077191,11.18,14.03,0.6,3.82,7.39,0.69,0
Malindi,2026-02-23,-3.0304888142681503,40.04602984993151,15.84,22.65,1.49,0.0,2.11,0.04,1
Malindi,2026-01-10,-3.1167766672055084,40.06420408842544,28.29,56.23,0.91,0.63,1.97,0.64,1
Malindi,2025-12-03,-3.376338915402105,40.12259005847323,30.43,70.12,1.63,33.19,1.95,1.6,1
Malindi,2025-11-11,-3.323502531335883,39.918297015389854,35.51,59.99,1.6,28.33,2.28,0.41,1
Malindi,2026-02-13,-2.9689901566825414,40.08205271181881,12.62,16.83,2.06,24.36,1.22,0.29,0
Malindi,2026-02-18,-3.0484388947981795,39.94654017888126,33.46,62.1,1.63,34.43,6.07,2.02,0
Malindi,2026-02-04,-2.980366156247231,39.97206576545059,20.6,39.42,2.9,30.6,3.29,2.92,1
Malindi,2026-01-24,-3.117988390435472,39.99715432267829,41.61,92.45,1.5,33.41,3.63,2.82,1
Malindi,2025-10-29,-3.253682820670974,40.09554051664552,65.32,108.44,2.17,18.51,5.09,0.25,1
Malindi,2025-11-27,-3.3763838506477892,40.083950082998676,42.17,77.46,1.65,40.21,0.0,0.64,1
Malindi,2026-02-20,-3.268829047174624,39.961995189867224,24.86,71.23,0.87,36.33,5.71,2.76,1
Malindi,2026-01-28,-3.0910388287412687,39.94751557290829,30.38,47.43,2.97,7.35,1.93,2.84,1
Malindi,2025-10-29,-3.3127909186621243,40.12375315223043,46.71,60.25,1.13,28.09,3.3,3.14,1
Malindi,2026-01-26,-3.0908721945207898,40.00823977390042,8.14,67.48,2.59,37.18,1.46,1.94,1
Malindi,2026-02-25,-3.2696500666498505,40.05004770604539,5.1,19.29,1.83,47.08,1.27,3.97,1
Malindi,2026-01-07,-3.176643742369933,39.91270053575468,49.11,59.75,0.55,13.21,1.62,3.41,1
Malindi,2025-12-10,-3.357665138345977,40.13149026725694,8.67,21.02,1.54,23.25,3.43,5.64,1
Malindi,2025-12-27,-3.182161566869708,39.9311285933279,52.76,75.67,0.81,23.21,3.48,8.21,1
Malindi,2026-01-10,-3.3657188139784355,39.94650101148268,14.0,39.11,1.1,7.97,2.97,3.46,0
Malindi,2025-10-29,-3.002069494338844,39.9728980726715,32.12,41.72,1.96,16.6,4.77,0.38,1
Malindi,2025-11-21,-2.978324796966365,39.90216820256082,15.53,24.4,2.16,20.27,1.77,2.42,1
Malindi,2025-12-30,-2.984198287885609,39.98092568044885,34.78,97.08,2.16,2.12,0.0,1.52,0
Malindi,2026-02-13,-3.3692931543950166,39.98518064697953,18.06,31.43,2.82,21.87,0.66,0.97,1
Malindi,2025-10-29,-3.296925108368281,39.97050574816584,36.93,79.53,2.01,11.76,1.81,3.44,1
Malindi,2025-12-21,-3.048125073376963,40.12995340928028,11.06,49.06,0.74,8.07,4.66,0.75,1
Malindi,2025-12-07,-3.211212854602343,40.13984137275785,40.16,46.08,2.3,8.48,4.09,0.72,1
Malindi,2025-12-14,-3.320205823813596,39.91826020775724,5.74,23.45,2.06,28.0,4.26,0.18,1
Malindi,2026-01-10,-3.375593074001379,39.967147839078635,45.7,75.43,2.71,30.32,3.74,0.36,1
Malindi,2026-02-24,-3.0320521140966026,40.04816368989612,57.33,90.88,0.97,14.09,1.12,0.18,1
Malindi,2026-01-07,-3.147827942537349,39.98696458690371,87.02,111.82,1.57,15.5,1.52,1.3,1
Malindi,2025-12-12,-3.357727945683017,39.97276611612305,10.18,39.52,2.55,0.0,0.0,3.09,0
Malindi,2026-01-27,-3.2330676335869435,39.901150807313876,23.2,64.26,1.4,17.68,2.78,4.92,0
Malindi,2026-02-08,-3.295840870843339,40.05597927367574,62.22,89.85,0.57,37.9,1.05,4.04,1
Malindi,2025-11-12,-3.1547703757199894,40.08199131938611,59.42,73.65,2.91,24.2,2.98,0.21,1
Malindi,2025-11-13,-2.9739665482147872,39.91696825729803,31.25,54.68,1.22,31.33,3.09,0.63,1
Malindi,2025-12-27,-3.2292540570905737,39.98802921422144,41.1,48.64,2.67,19.76,1.26,0.48,1
Malindi,2026-01-24,-3.3242667819727507,40.01601761278068,30.55,67.1,1.63,10.02,6.54,0.35,1
Malindi,2025-11-18,-3.3385799071436217,40.07397762632963,32.07,47.22,2.52,17.84,1.88,1.3,1
Malindi,2025-12-13,-2.9689162045770807,39.99370285868539,17.01,24.08,0.56,32.92,0.65,1.99,1
Malindi,2026-01-04,-2.976057144244048,40.049796166483,12.65,76.95,1.38,28.02,5.03,0.48,1
Malindi,2025-12-22,-3.1433244857709273,39.92597760985733,44.44,49.22,1.95,7.78,1.12,1.93,1
Malindi,2025-12-10,-3.1654997543485175,40.064344920284505,10.83,46.72,1.04,8.78,6.09,0.04,1
Malindi,2025-11-01,-3.3464751062656948,39.920108433018,17.29,33.09,1.58,26.51,4.12,0.99,0
Malindi,2026-02-06,-3.2499362402300074,39.983381157307626,29.68,46.2,2.74,22.84,0.0,2.43,1
Malindi,2025-12-03,-3.220511181463002,40.04000392587161,40.26,56.23,1.66,37.86,2.11,0.21,1
Malindi,2026-01-25,-3.091301159314283,39.939273713926724,15.82,36.53,1.92,7.67,4.57,3.74,1
Malindi,2025-12-17,-3.027384859633825,39.903702490181615,47.03,58.53,0.91,0.0,3.76,2.23,1
Malindi,2026-02-10,-3.0330836367105958,40.102201721863345,73.45,89.49,2.62,18.62,4.34,1.38,1
Malindi,2026-01-30,-3.072487538018412,40.00147214513354,17.07,30.35,0.85,0.7,3.92,1.82,1
Malindi,2025-11-22,-3.029487837310379,39.96919515916785,104.25,111.9,2.81,12.82,3.62,1.98,1
Malindi,2026-02-24,-3.2139226199858326,39.96416685931257,40.15,47.94,0.51,14.02,1.88,1.04,0
Malindi,2026-01-03,-3.2922320844582327,40.14522723610872,53.43,61.25,2.48,19.07,1.97,0.63,1
Malindi,2025-12-29,-3.058465160524193,40.02694433449026,38.39,53.63,2.04,44.91,3.21,0.31,1
Malindi,2025-12-09,-2.9636348366152934,40.05165410245918,70.8,108.17,2.84,27.28,4.03,1.56,1
Malindi,2026-01-01,-3.0319516261926958,39.977221112044845,5.39,28.63,2.96,14.78,4.03,2.33,0
Malindi,2025-12-28,-3.2756309859907144,40.01206707936717,7.98,33.8,2.31,9.92,1.03,0.91,1
Malindi,2026-02-01,-3.2046603000953513,39.90120715198509,17.7,35.78,2.95,33.36,1.57,1.11,1
Malindi,2025-11-10,-3.1554913056068816,40.07978609437466,60.04,65.7,2.68,17.32,7.19,0.85,1
Malindi,2026-02-11,-3.2437117401039037,40.13891163455247,12.83,70.61,0.9,3.71,3.91,0.03,1
Malindi,2025-10-30,-3.3265309582060643,39.92414888398362,62.39,80.2,2.34,23.35,1.97,0.17,1
Malindi,2026-02-09,-3.091243108923946,40.09362760606785,18.0,69.06,2.66,6.6,0.16,1.74,1
Malindi,2026-02-14,-3.14666367264714,39.92463348385718,55.42,70.97,2.26,25.47,2.84,1.3,1
Malindi,2026-01-19,-3.399721103967401,40.146873313737956,33.85,94.27,0.53,39.91,3.41,0.22,1
Malindi,2026-01-21,-3.2544776196429552,40.004327081402316,33.32,36.67,1.15,5.94,1.95,0.37,0
Malindi,2026-02-01,-3.3864716036224247,40.12201876542461,83.5,107.8,1.13,22.24,0.35,0.13,0
Malindi,2026-01-14,-3.3261105646682014,39.96882578341686,35.81,64.09,1.7,13.98,5.39,1.12,1
Malindi,2025-12-25,-2.9563335896674205,40.13250734468595,38.28,53.11,1.49,14.58,2.02,0.74,1
Malindi,2025-12-06,-3.2129507079531234,40.06292700823722,25.5,43.78,1.35,31.6,3.28,0.43,1
Malindi,2026-01-02,-2.9697853427488425,40.14215667358273,22.85,59.13,2.83,0.0,3.32,1.17,1
Malindi,2025-11-03,-3.335720763546436,40.06115162801905,62.09,62.82,2.96,9.6,1.57,3.35,1
Malindi,2026-02-13,-3.3980302093143644,39.96127289036507,59.22,104.17,2.86,34.69,4.01,0.37,1
Malindi,2025-11-19,-3.1381044512559426,39.937716288564644,17.79,45.33,1.18,11.16,1.24,2.52,0
Malindi,2026-01-06,-3.287244012879465,39.907712049516576,39.7,84.32,2.85,4.47,1.23,1.85,1
Malindi,2025-12-04,-3.0237569488034897,40.05969243872128,16.09,21.83,0.59,13.58,6.19,1.66,1
Malindi,2025-11-13,-3.0399727307826043,39.95181462399112,9.8,13.52,1.0,20.65,2.8,3.51,1
Malindi,2026-02-13,-3.3030871617182465,39.93571187413061,65.25,77.99,1.74,23.19,3.21,0.17,1
Malindi,2026-02-09,-3.3829526520493247,40.044594400728215,23.95,42.52,1.74,28.76,0.99,0.35,1
Malindi,2025-11-27,-3.2714341632842787,39.90501507305083,123.35,209.94,0.51,35.57,4.03,0.21,1
Malindi,2026-02-23,-3.2271575372121317,40.018956412183904,35.55,56.14,2.16,27.79,3.42,0.15,1
Malindi,2025-12-28,-3.0152829922854463,39.933700092163036,21.3,90.75,1.04,24.87,2.71,2.29,0
Malindi,2025-12-06,-3.1281253802875004,40.143058524241724,47.77,65.88,1.95,25.58,3.96,1.98,1
Malindi,2026-01-28,-2.9601399299661026,39.925287975644125,14.72,32.54,0.89,6.09,3.37,0.52,1
Malindi,2026-02-17,-2.9755387659449375,40.04149534339836,9.94,32.99,1.55,26.23,0.25,0.28,1
Malindi,2025-11-06,-3.3643910045167815,40.03591821080048,109.09,117.11,1.99,35.15,2.36,0.01,1
Malindi,2025-12-26,-3.359139306362057,40.12278196783513,42.76,60.88,2.59,12.97,1.33,2.47,1
Malindi,2025-11-25,-3.1777636709609998,39.92009579771561,17.42,34.49,1.64,25.92,0.53,1.12,0
Malindi,2025-12-17,-3.1706478071310715,39.92664852305212,22.41,41.12,0.77,29.68,3.65,0.49,1
Malindi,2025-11-07,-3.024001201241212,39.97827375707331,5.86,62.72,0.84,19.94,0.0,2.05,1
Malindi,2025-12-13,-3.2587081450565045,40.10110512720898,61.1,79.58,0.53,20.87,3.25,0.61,0
Malindi,2025-12-23,-3.034349192080931,40.06895337979144,9.42,14.79,2.45,6.63,2.03,0.71,0
Malindi,2025-12-04,-3.3887684439017884,39.927693298868995,22.55,33.89,0.73,11.3,5.23,0.4,1
Malindi,2025-11-28,-2.9749001116840437,39.97400541636731,4.8,12.57,1.74,24.92,4.19,0.1,1
Malindi,2026-02-05,-2.963162927417135,40.14584184311052,48.33,87.69,1.06,39.14,3.99,2.38,1
Malindi,2026-02-18,-3.0313356310379462,39.9956782476185,40.02,67.4,1.66,6.85,3.45,1.78,0
Malindi,2026-02-15,-3.099768389113437,39.963077996130934,12.33,26.15,0.79,35.53,0.0,0.26,0
Malindi,2026-01-15,-3.2841125407410723,39.99557198962023,17.9,44.02,0.88,16.45,1.52,2.48,1
Malindi,2026-01-02,-2.9648073979952123,40.089438673753676,7.26,60.69,1.99,8.26,0.41,1.26,1
Malindi,2026-02-03,-3.2410759620823195,39.95027781924827,8.96,38.85,0.57,0.0,2.72,3.55,1
Malindi,2025-12-10,-3.244097410078028,40.027714198001846,14.19,35.48,1.35,14.91,3.1,6.29,0
Malindi,2025-10-29,-3.2390046942384414,39.968846276891966,18.36,63.75,0.72,23.96,1.76,0.02,1
Malindi,2026-01-05,-3.155874776349429,40.06765497331073,18.69,41.21,2.31,2.93,1.16,0.42,0
Malindi,2026-01-06,-3.274209802433427,40.0366371897615,27.24,37.64,0.61,17.38,2.69,1.76,1
Malindi,2025-11-19,-3.2091920649907197,39.94087032878048,28.36,36.54,1.95,19.15,1.79,6.15,1
Malindi,2025-11-17,-3.0678705835471245,39.99410666489912,28.37,68.15,1.45,25.0,1.53,2.05,1
Malindi,2025-12-26,-2.952004769701314,40.0082572783264,18.19,35.88,1.91,22.56,6.94,2.2,1
Malindi,2025-11-14,-3.387413411696139,40.04071289593731,25.47,61.99,0.61,19.33,1.62,0.61,0
Malindi,2026-02-11,-3.120400088928481,39.93582980681066,24.1,82.74,0.91,28.69,1.16,2.95,1
Malindi,2025-11-27,-2.954238708288977,40.14106462478428,8.69,30.69,0.86,24.24,2.52,2.92,0
Malindi,2026-01-02,-2.955567360401757,40.13045708015355,25.52,30.78,2.8,15.99,2.45,1.4,1
Malindi,2026-01-01,-3.203299929164638,39.94810278695195,37.42,68.7,2.68,14.46,4.23,1.36,1
Malindi,2025-11-23,-3.0485248655415704,39.90793892133385,34.18,52.15,2.7,16.1,6.36,0.86,1
Malindi,2026-01-24,-3.1461310616543954,40.0937015826071,84.02,93.56,2.44,0.0,0.14,0.1,1
Malindi,2026-02-10,-3.0336044403758518,39.93542822045258,50.77,80.45,0.81,19.24,6.07,1.06,1
Malindi,2026-01-28,-3.2654340966464086,40.08640357938274,13.0,30.6,1.4,8.43,3.32,0.44,0
Malindi,2025-12-17,-3.3973986429403644,40.11057641042444,28.52,41.17,2.65,28.08,1.47,3.68,0
Malindi,2025-11-07,-3.3821328744205266,40.02852248004656,12.31,23.99,0.62,19.78,0.86,1.09,0
Malindi,2025-12-03,-3.01582806894966,40.10449662679302,26.24,32.07,0.69,22.91,5.29,1.75,1
Malindi,2026-02-05,-3.2935633417230865,40.00187068712248,33.68,77.95,1.07,9.6,0.0,0.34,1
Malindi,2025-12-18,-3.2059374985979194,40.10534257689862,36.15,38.86,1.38,23.39,1.03,0.03,1
Malindi,2025-11-13,-3.32109032517792,40.06381700860648,32.06,44.45,2.01,17.96,5.18,0.23,1
Malindi,2026-02-03,-3.055113044479868,40.083689619737214,54.59,79.19,2.99,0.0,0.0,0.69,1
Malindi,2026-01-04,-3.183365773709359,39.97055538951872,22.16,58.62,1.94,0.0,1.01,5.0,1
Malindi,2026-01-28,-3.0705374041554627,39.91245929092421,19.85,55.43,1.08,0.0,5.0,10.2,1
Malindi,2025-11-26,-3.0237063862228415,40.03447442538245,62.95,75.49,2.17,21.48,2.78,0.17,1
Malindi,2025-11-03,-3.0586791008834977,40.02813693394712,7.72,43.8,2.53,22.67,1.78,7.92,1
Malindi,2025-11-05,-3.185057870475961,40.12433892398271,43.03,51.3,0.94,18.6,3.92,1.21,1
Malindi,2026-02-21,-3.2124756775537144,40.07521673807303,69.1,85.74,0.55,27.6,0.0,1.17,0
Malindi,2026-01-10,-2.9714068021276097,40.08281369698529,51.66,71.33,1.93,27.43,0.23,0.6,1
Malindi,2025-11-11,-3.1122989367095495,40.08040682308878,26.44,43.33,0.53,1.88,3.61,1.98,0
Malindi,2026-01-14,-3.0348895571833627,40.097314500048185,61.39,74.41,2.7,8.18,1.33,0.13,1
Malindi,2025-12-24,-3.394191954452784,40.092956848128246,37.16,47.92,2.07,15.09,0.0,1.19,1
Malindi,2025-12-18,-3.043044547466234,39.97813242617678,11.94,23.58,2.84,24.69,7.03,1.94,1
Malindi,2025-11-07,-3.184347586021408,40.1440269393773,23.08,29.18,1.12,25.57,2.29,1.17,0
Malindi,2025-11-12,-3.0748423504207647,39.91032380944135,3.81,28.47,0.86,9.3,3.96,2.25,0
Malindi,2026-01-15,-3.068011548141372,40.02088458789802,16.48,19.6,1.73,35.43,3.4,6.71,1
Malindi,2026-02-21,-3.2417131502787804,40.14455632332688,4.81,59.16,0.88,23.77,2.54,1.6,0
Malindi,2025-11-27,-3.1150475378843137,40.1061872992562,10.35,68.56,1.83,21.41,1.24,1.69,1
Malindi,2026-02-15,-3.208084121146156,40.03015494395399,41.98,54.2,2.18,18.26,2.34,1.1,1
Malindi,2025-11-01,-2.999779359158688,39.94422452594483,83.0,102.87,1.12,22.71,0.0,4.13,1
Malindi,2026-01-06,-3.1205381695804735,39.963378593571775,77.23,92.34,2.65,0.0,0.72,3.37,1
Malindi,2025-12-10,-3.2780543592284475,39.99783238762042,3.57,58.29,1.59,8.63,4.38,1.28,0
Malindi,2026-01-12,-2.9920097699949726,40.05572101917639,36.47,56.58,1.17,9.63,1.98,2.36,1
Malindi,2025-11-24,-3.3768647236590508,40.06788178199071,35.12,44.52,0.78,25.43,1.58,0.16,0
Malindi,2025-12-02,-3.1137031700546665,39.940059214449946,21.64,32.57,2.05,24.88,2.63,0.1,1
Malindi,2026-02-17,-3.087782110184442,40.03933875020074,12.35,19.02,1.7,14.15,3.38,0.21,0
Malindi,2025-12-14,-3.2791844521111457,40.130062131659976,5.95,47.24,0.87,64.22,4.11,0.27,0
Malindi,2026-01-07,-3.008001019751547,39.957776547641345,13.69,20.97,2.94,0.0,2.21,0.49,0
Malindi,2026-01-15,-3.151654059974733,40.09210306301075,21.07,43.73,2.74,8.82,1.17,1.73,0
Malindi,2026-01-26,-3.101158786793671,40.003199131741276,23.11,56.84,2.71,41.3,0.28,1.08,0
Malindi,2026-02-19,-3.3311930109227177,39.970492496768536,21.45,60.55,2.66,27.59,1.52,5.38,1
Malindi,2026-01-20,-3.2292413752410054,40.07267036562341,23.89,30.1,0.98,0.0,0.0,0.6,1
Malindi,2026-01-12,-3.287365573100862,39.96579132458495,10.54,14.05,2.34,28.0,2.88,5.61,0
Malindi,2026-01-21,-3.1780151530294427,40.039482723445225,57.24,75.73,1.58,23.65,1.42,0.4,1
Malindi,2026-01-22,-3.074404038955361,40.11168764597483,26.33,37.98,2.26,33.34,3.48,0.28,1
Malindi,2025-12-02,-3.080647571447842,40.083721408710495,20.52,34.04,0.92,33.11,2.06,0.76,0
Malindi,2025-11-20,-3.364237467530512,39.92560271326112,8.77,12.98,1.61,18.2,1.23,3.53,0
Malindi,2026-01-07,-2.9718125790572314,39.9199849527231,14.21,25.79,1.34,10.65,1.02,2.06,1
Malindi,2026-02-18,-3.2978468087695223,40.01030938863479,30.3,40.37,1.93,13.26,3.46,4.5,1
Malindi,2025-11-05,-3.1989473986933845,40.0332348262634,106.93,122.31,2.59,14.4,0.71,1.52,1
Malindi,2026-01-29,-3.087620357190514,39.996645901736905,28.44,35.45,0.87,3.51,2.39,0.81,1
Malindi,2026-02-06,-3.208715493894411,40.07298318641357,15.77,39.26,2.5,18.95,5.43,0.26,1
Malindi,2025-12-16,-3.135177698428638,40.140427244014276,15.91,34.82,2.51,16.36,5.0,2.49,0
Malindi,2026-02-25,-3.077898666740638,40.135698165421296,16.18,56.94,2.14,9.72,2.64,4.1,1
Malindi,2026-02-18,-3.127469816133634,39.90957209879285,35.22,63.09,0.97,0.0,3.02,0.28,1
Malindi,2026-02-01,-3.097862117089517,40.11055166390042,57.6,73.51,1.37,23.79,3.57,1.22,1
Malindi,2025-11-15,-3.3344065227066553,39.95592266499611,25.1,47.87,1.68,7.1,3.53,0.11,1
Malindi,2025-11-10,-3.279355524105506,40.07732280641829,43.46,51.22,1.83,8.56,1.83,0.07,1
Malindi,2025-12-26,-3.0449280090069015,40.14022937940678,31.28,55.03,2.19,29.5,0.94,2.54,1
Malindi,2025-11-20,-3.3637841229077963,40.041533864275294,21.26,33.39,2.51,7.01,0.0,3.16,1
Malindi,2025-11-10,-3.055589756313596,40.13116852889827,24.29,31.81,2.23,29.9,5.0,3.64,1
Malindi,2025-12-18,-3.1027483330716086,39.9820690943771,64.31,117.08,1.34,15.98,4.85,1.38,1
Malindi,2026-01-07,-3.1736703209809267,39.93663249508333,67.5,89.54,2.95,0.0,5.63,0.47,1
Malindi,2025-12-15,-3.2485155441683524,39.9664044641861,12.45,23.79,0.63,14.88,2.38,1.51,1
Malindi,2025-11-21,-3.2420830050682157,39.970533727540925,4.3,19.37,1.58,9.82,4.23,0.46,0
Malindi,2026-01-13,-3.2112745606553657,39.99653972807302,11.94,20.1,2.59,19.29,4.58,0.25,1
Malindi,2026-01-14,-3.390954154115257,39.94049018390401,17.49,22.31,2.17,14.31,3.83,2.11,1
Malindi,2025-11-27,-3.004667251235765,40.125852608789856,20.78,41.07,3.0,21.61,5.41,0.96,1
Malindi,2026-02-19,-3.3152977949829805,39.910067948458206,46.5,79.72,2.48,26.3,2.99,1.32,1
Malindi,2026-01-29,-3.3632600838619178,40.02348500576278,64.12,87.36,1.36,19.45,1.15,0.9,1
Malindi,2025-11-22,-3.1549787225145725,40.005416357997156,26.53,52.13,2.16,31.79,6.14,1.28,1
Malindi,2025-11-13,-3.376531879436208,40.08768078783765,12.72,59.76,1.32,5.66,0.15,3.92,1
Malindi,2025-12-17,-3.0662806075299422,40.01122145130735,47.53,68.7,2.01,17.22,3.93,0.38,1
Malindi,2025-10-31,-2.9855437166222316,40.03124730279314,50.52,70.78,0.99,21.76,1.82,4.52,1
Malindi,2026-01-16,-3.39196203422031,40.089556501163166,64.19,87.24,2.48,21.69,4.53,1.51,1
Malindi,2026-01-04,-3.083026900567647,40.12133232254657,21.99,25.81,2.97,38.28,0.96,4.04,1
Malindi,2026-02-24,-2.9914007987693885,40.05969368358459,9.15,38.91,1.29,14.43,2.14,3.38,1
Malindi,2025-11-12,-3.3558851351681143,40.04672857109134,45.92,58.54,2.46,26.76,1.05,4.72,0
Malindi,2026-02-21,-3.38676482792245,40.082743069444746,12.91,44.09,2.35,16.51,4.6,0.91,1
Malindi,2026-02-03,-3.348819343517085,40.04054285456277,11.17,19.63,2.58,18.58,1.28,2.5,0
Malindi,2025-11-29,-3.273124287721892,39.92933768126233,30.53,37.0,2.22,2.65,0.0,1.13,1
Malindi,2025-11-30,-3.0050762115799197,39.962592722461125,10.74,17.47,2.0,18.11,0.55,5.36,1
Malindi,2026-01-23,-3.1250424850148257,40.05021141503125,20.52,52.46,2.78,10.74,2.24,0.83,1
Malindi,2026-01-05,-3.201349837662169,40.113238337232964,8.98,43.49,1.74,45.28,2.36,4.73,0
Malindi,2026-01-23,-3.1981370829102302,39.97926728778797,41.59,51.75,2.5,10.86,0.3,1.27,1
Malindi,2026-01-28,-3.1323706876329567,40.085709423598594,57.27,58.4,2.2,25.67,5.79,2.47,1
Malindi,2025-12-25,-3.2678279104798844,40.10815868566875,5.43,24.1,0.71,36.12,0.0,0.3,0
Malindi,2026-01-27,-3.248450432192315,39.93874957751276,40.7,71.81,1.79,28.36,1.88,2.36,1
Malindi,2026-01-23,-3.205049085333634,40.12604255288554,25.25,76.08,0.65,8.72,1.12,1.03,0
Malindi,2025-12-14,-2.9524650398809658,40.02446102198954,46.75,87.59,2.34,11.37,1.4,0.9,1
Malindi,2026-02-13,-3.138728937615662,40.024220236562684,48.29,68.93,1.76,35.43,2.14,0.14,1
Malindi,2025-12-19,-3.360369398456068,40.039982105319986,25.02,32.36,1.56,3.29,0.0,0.9,1
Malindi,2026-02-20,-2.991072158042366,40.01425855991457,17.74,42.72,2.02,18.64,0.62,0.56,0
Malindi,2025-11-24,-3.07697428540278,40.097309467926934,13.47,24.84,2.37,32.68,1.45,0.85,1
Malindi,2025-12-01,-3.3881904280055193,39.99419592993865,61.19,79.37,1.14,0.0,0.35,0.94,1
Malindi,2026-02-17,-3.1910366384094937,39.994822750250464,34.66,36.49,2.25,8.12,3.39,0.65,0
Malindi,2025-11-20,-2.9825080965853443,39.99336618533438,27.21,46.53,1.85,6.2,0.49,2.29,1
Malindi,2026-02-20,-2.9839614288556073,40.010528609881185,63.48,106.89,0.67,11.1,5.06,3.48,1
Malindi,2025-11-10,-3.257577892827503,40.13212613798515,40.25,46.98,2.72,24.93,0.0,6.09,1
Malindi,2026-02-04,-3.17211997606071,39.997263791614,39.18,76.62,2.9,5.63,5.76,1.79,1
Malindi,2026-01-16,-3.3938003731115804,39.93057246256992,15.53,46.65,2.26,9.82,1.82,0.28,1
Malindi,2026-01-10,-3.114699362157591,40.12135181812508,16.69,29.74,1.67,30.92,6.68,1.31,1
Malindi,2025-12-16,-3.2707331038327006,40.01891876816443,24.3,62.85,2.71,29.8,2.89,1.46,1
Malindi,2026-01-30,-3.1895559800908972,39.991031762743525,16.36,39.45,1.7,13.08,2.7,1.37,1
Malindi,2026-01-22,-3.1410198611809803,40.09594397102469,34.9,47.94,1.85,6.19,3.72,5.62,1
Malindi,2026-02-14,-2.9514911905760646,40.13864969489338,34.69,60.28,2.44,2.55,0.0,0.97,0
Malindi,2025-12-07,-2.9897895387469213,40.064783828187984,85.2,120.59,2.05,21.43,0.16,5.0,1
Malindi,2025-11-28,-3.0749236813795977,39.98542964923547,17.32,22.88,1.14,18.01,1.0,3.23,1
Malindi,2026-01-13,-3.394563858780744,40.04525762304448,26.49,101.61,2.49,25.91,0.0,2.19,0
Malindi,2026-01-09,-3.2022639554192875,40.102870678519146,28.75,41.13,2.2,20.42,3.87,0.88,1
Malindi,2026-01-02,-3.307041477754281,39.9073223150214,53.0,68.57,1.18,21.71,8.05,1.22,1
Malindi,2025-11-09,-2.9902249271544834,40.043625283651195,15.6,56.03,1.21,0.0,0.0,1.22,1
Malindi,2025-11-14,-2.9931568342989734,40.09043389033995,29.12,47.64,2.95,25.79,0.62,0.48,1
Malindi,2025-12-05,-3.374222700711655,40.020395168428166,60.16,83.91,2.8,0.0,2.79,4.39,1
Malindi,2025-12-18,-3.1431343797546623,40.067462841650865,28.3,53.25,0.93,35.83,1.05,2.5,1
Malindi,2026-01-30,-3.1318491505505572,40.12712430651775,49.83,65.36,1.44,0.76,3.98,1.21,1
Malindi,2025-11-30,-3.1599920960278816,40.03108104045333,51.3,73.34,0.55,13.14,1.93,0.27,1
Malindi,2025-11-16,-3.0207059762033794,40.077304857019726,13.84,43.56,1.54,4.24,3.82,2.89,1
Malindi,2026-01-18,-3.201634435157726,39.93319249247981,22.38,39.73,2.92,32.99,5.67,0.25,1
Malindi,2025-12-03,-2.9981400552621684,40.0952370799835,80.42,109.16,2.01,16.31,2.72,0.21,1
Malindi,2025-12-19,-3.249862914902907,40.028747882312636,54.0,131.23,2.04,25.69,3.82,1.7,1
Malindi,2025-12-08,-3.138088940537581,39.95972677670326,16.72,49.66,2.01,24.79,1.82,0.24,0
Malindi,2025-12-29,-2.9946934618815795,40.11460172847193,33.46,55.15,1.13,5.08,0.41,0.09,1
Malindi,2025-11-20,-3.3483997262134557,39.98239666720283,18.96,31.22,0.99,8.02,3.43,0.66,0
Malindi,2025-12-22,-3.276317167145603,39.93802263041405,9.25,14.3,1.72,3.15,2.47,2.32,0
Malindi,2026-02-17,-3.138014915023037,39.904594288400695,24.66,46.72,2.36,7.56,1.76,1.34,1
Malindi,2025-12-16,-2.9550045284504356,39.99132760688406,66.18,73.24,2.81,25.82,1.31,2.5,0
Malindi,2026-02-15,-3.1560565183117757,39.989701411300985,24.49,33.62,0.79,22.93,0.94,6.86,1
Malindi,2025-11-26,-3.1858743611914853,39.918016218975644,16.62,30.2,2.6,25.22,3.22,0.74,0
Malindi,2025-11-17,-3.0416956124325187,40.0233116808324,28.87,54.01,0.77,6.92,2.31,0.69,1
Malindi,2026-02-06,-3.043085201456046,40.01932597518925,15.51,21.1,2.61,5.59,0.0,4.77,1
Malindi,2025-12-05,-3.3075326522450816,39.91023497686936,51.48,88.95,2.23,30.8,1.99,0.64,1
Malindi,2025-12-17,-3.0966057899969393,40.00809474624512,35.15,65.12,0.83,21.45,4.88,2.56,1
Malindi,2026-01-31,-3.007507272676615,39.93225732988452,21.43,30.92,2.59,20.17,4.43,3.72,0
Malindi,2026-01-04,-2.9989408369255233,40.026026872100985,55.2,99.26,0.67,15.84,2.09,0.15,1
Malindi,2025-11-08,-3.2719644287714393,40.0791122323284,21.93,42.91,1.45,24.08,3.08,1.89,1
Malindi,2026-02-09,-2.9562073591992375,40.06793258994832,20.49,32.47,2.33,31.49,1.71,0.63,1
Malindi,2025-12-22,-3.063911216536782,39.91322337381811,2.82,41.56,1.33,13.67,6.64,1.26,1
Malindi,2026-01-03,-3.1639225946387053,40.07117318819078,69.84,81.5,1.03,10.93,3.71,1.21,0
Malindi,2026-01-20,-3.3431927028423116,39.93246526241465,6.79,43.09,2.86,0.24,1.87,2.23,1
Malindi,2025-11-20,-3.034603623155076,39.97203748286192,9.14,27.3,0.82,14.05,4.57,4.15,1
Malindi,2025-12-19,-3.2740483247874494,40.10263888832332,13.45,38.79,2.36,4.83,1.65,0.57,1
Malindi,2026-01-13,-3.0733212878113876,40.09427549429072,13.11,35.7,1.92,0.0,1.68,2.14,1
Malindi,2026-02-15,-3.236665061261907,39.938521147905334,42.7,65.78,2.68,19.97,0.0,1.36,1
Malindi,2026-01-27,-3.170636098261617,40.04745161221219,13.44,49.84,0.65,20.18,0.74,1.35,1
Malindi,2025-11-02,-3.061665872886861,39.99410353388248,4.18,26.18,1.02,18.27,1.04,1.59,0
Malindi,2026-02-13,-3.123278810240018,39.98692719660612,24.6,32.9,1.19,0.0,1.15,1.3,1
Malindi,2025-12-13,-3.3088346356178233,40.009266561219356,73.78,75.33,0.53,7.06,0.6,0.26,1
Malindi,2025-11-04,-3.1002805683046333,40.14258634259145,10.13,36.36,2.56,11.44,2.56,0.36,1
Malindi,2025-11-26,-3.378905847155174,39.92279256673768,71.57,140.28,1.18,41.16,0.84,1.25,0
Malindi,2025-12-19,-3.038658105787316,39.92913988861277,105.34,135.13,0.98,23.44,5.71,0.64,1
Malindi,2025-12-31,-3.036968525359437,39.931599306812096,41.39,52.66,2.81,28.99,1.63,3.61,1
Malindi,2026-01-22,-3.279840819544494,39.93491310468385,15.48,52.73,0.73,16.91,0.0,1.1,1
Malindi,2026-02-03,-3.1536952733609978,40.02618510641857,24.73,41.26,1.95,4.72,3.67,1.71,1
Malindi,2025-12-14,-3.3671630201765734,39.991966507807334,54.02,86.52,2.15,41.41,2.44,7.34,0
Malindi,2026-02-04,-3.1627390045018515,39.98039091158848,24.22,42.62,1.69,21.02,2.46,0.8,1
Malindi,2026-02-21,-3.2094242838044638,40.142739227876156,33.26,93.49,1.5,21.54,1.7,3.06,0
Malindi,2026-02-06,-3.1701801766453133,39.99938573041254,22.07,41.23,0.93,28.07,5.36,3.25,0
Malindi,2025-12-20,-3.2631366239656625,40.02216350491655,49.61,101.94,0.53,15.58,1.06,3.38,1
Malindi,2026-01-30,-3.309904798495607,39.976283809426185,48.9,72.82,0.7,21.5,4.49,0.94,1
Malindi,2025-12-08,-3.158893643350513,39.99488591860828,21.16,27.17,1.8,2.09,2.6,0.56,0
Malindi,2025-10-29,-3.284417101042338,39.93737282112403,61.36,73.64,0.69,20.0,4.13,0.72,1
Malindi,2025-11-29,-3.0435367250584324,40.06995772847503,18.95,26.66,2.45,2.12,2.68,0.35,1
Malindi,2025-11-25,-3.056122980873063,40.13179277984205,40.47,48.71,2.92,0.0,6.54,0.17,0
Malindi,2026-01-31,-3.3617747998780114,39.97528041653948,108.69,128.39,2.76,22.26,1.59,1.12,1
Malindi,2026-01-27,-3.2507811301759904,40.07640278157531,46.43,53.49,0.97,5.12,3.18,0.27,1
Malindi,2026-01-20,-2.990102527389491,40.14560049211236,18.1,32.31,0.94,11.14,2.03,1.04,1
Malindi,2025-11-14,-2.95576295298154,40.01400508311272,5.05,31.1,2.42,16.77,2.74,2.77,0
Malindi,2025-12-31,-3.2478865117699725,40.137898990750436,16.63,28.52,1.87,15.65,0.63,0.47,1
Malindi,2025-12-23,-3.0512752082760812,39.95866809631893,51.54,59.34,1.76,33.25,1.5,0.21,1
Malindi,2025-11-15,-3.13398060541206,40.091566658732525,3.46,37.45,1.63,16.22,0.41,0.46,0
Malindi,2025-12-16,-3.0881731077485117,40.14262257849827,60.0,145.12,1.89,24.4,0.83,0.18,1
Malindi,2025-12-29,-3.0483938096161456,39.95363984197648,50.29,69.64,2.38,26.8,3.36,4.19,1
Malindi,2026-01-25,-3.2087619736446693,39.969736983154114,21.11,59.44,2.89,0.0,3.4,0.79,1
Malindi,2026-02-06,-3.225780746550428,39.99954886962155,23.55,71.69,1.57,0.0,3.1,1.13,1
Malindi,2025-12-24,-3.1419881549492605,39.99802998595883,29.48,37.81,2.26,21.79,2.41,1.66,0
Malindi,2026-01-26,-3.3780170063155306,40.00650671110314,3.12,12.15,2.26,10.74,0.82,0.61,1
Malindi,2026-02-11,-3.090948650840214,40.0716959566912,12.92,48.09,1.07,4.16,2.99,1.54,0
Malindi,2025-11-24,-3.078262759221079,40.14838127740673,39.58,82.18,2.03,26.75,0.66,1.65,1
Malindi,2025-12-30,-3.1852128643962345,40.04276706363747,22.81,56.87,2.59,22.0,0.0,0.93,1
Malindi,2025-11-19,-3.139312010605468,40.04766571719335,12.69,35.17,2.14,12.29,4.64,0.08,1
Malindi,2026-02-24,-3.1546496816094254,39.90936205132007,28.09,41.25,1.48,24.54,3.03,5.15,1
Malindi,2026-01-23,-3.360559132862693,40.143639825653956,26.9,51.41,1.64,0.0,2.43,0.0,1
Malindi,2025-12-18,-3.3476507231149837,40.129249372305246,13.16,21.35,2.59,16.41,6.06,1.53,1
Malindi,2025-12-06,-3.1663550875317634,39.93541425269853,8.04,77.67,2.04,28.99,2.23,0.01,0
Malindi,2025-12-25,-3.0071314582647046,40.071786198932756,69.87,108.7,2.13,25.28,5.39,0.21,1
Malindi,2026-02-25,-3.058537094765624,40.03267929018077,35.9,69.88,1.18,17.67,0.7,1.33,0
Malindi,2026-01-11,-3.3153675188858776,40.11383124992944,5.91,32.41,0.6,31.71,0.0,2.0,1
Malindi,2025-11-18,-3.2055868263654492,39.961874189581266,33.98,83.03,1.07,24.61,0.15,1.51,1
Malindi,2026-02-20,-2.9822123178449185,39.92814269424785,8.89,18.26,1.54,13.18,4.08,0.06,0
Malindi,2025-12-26,-3.008772117734753,39.97462820681183,22.39,65.56,0.79,19.83,3.77,2.87,1
Malindi,2025-12-06,-3.242665689522274,40.14400006152927,31.64,71.61,1.12,26.18,2.24,0.85,1
Malindi,2025-11-11,-3.0973390714125286,40.064914978955166,16.52,30.86,2.14,23.34,0.0,0.39,1
Malindi,2025-11-19,-3.167762169985918,40.05482858116891,3.79,20.78,0.95,10.93,1.03,0.34,1
Malindi,2026-01-11,-3.01395404391308,40.083219418205395,5.3,23.86,2.48,0.0,3.82,2.13,1
Malindi,2025-11-13,-3.2721996284127086,39.932280757296205,79.21,95.75,1.54,42.24,3.24,0.16,0
Malindi,2026-01-14,-2.997316312505399,39.95117975143917,32.16,39.26,2.43,13.4,0.7,0.47,1
Malindi,2025-12-16,-3.343496314917238,39.98067859027135,65.6,72.57,2.4,0.0,2.72,0.07,1
Malindi,2026-01-19,-3.371418301618508,39.91385154189605,16.4,34.05,0.51,4.88,7.2,1.57,1
Malindi,2025-12-09,-3.3647566423253816,39.90399202466264,38.8,40.2,2.86,20.42,2.08,1.85,1
Malindi,2026-01-02,-3.1293437587237367,40.14221900581095,19.49,40.14,2.22,0.0,0.0,1.01,0
Malindi,2026-01-30,-3.167246107316741,39.997553487859015,31.22,43.31,1.53,22.7,2.32,1.6,1
Malindi,2025-11-10,-2.9728281085767794,40.00697132007675,24.16,32.73,0.62,15.25,3.43,0.8,0
Malindi,2025-11-08,-3.0206960140234194,40.06100414627026,25.09,59.87,2.58,33.66,5.56,3.52,1
Malindi,2025-12-04,-3.3801355949469944,39.999344076196174,15.42,41.48,1.5,7.24,2.86,0.24,1
Malindi,2025-12-26,-3.2278141716167914,40.010881114273225,12.03,42.81,1.11,18.13,0.18,4.65,1
Malindi,2025-11-14,-3.265188255364545,40.11909960788239,48.78,86.44,0.88,34.76,2.08,2.82,0
Malindi,2025-11-14,-2.9778295533021604,40.12115437746782,23.83,40.86,1.26,26.21,4.79,2.89,1
Malindi,2026-02-24,-3.1189801728031012,40.05049438114654,71.96,90.86,0.78,11.8,1.25,1.51,1
Malindi,2026-02-05,-3.0923857013068203,39.95949218343843,31.82,36.32,1.29,15.26,4.77,0.51,1
Malindi,2025-11-04,-2.9524697444992354,40.07742988131021,7.11,13.35,2.8,18.89,0.0,5.72,1
Malindi,2025-12-07,-3.262248670977465,40.039237595166206,25.61,45.28,0.78,0.0,2.54,1.12,0
Malindi,2025-11-03,-3.1437945281021737,40.00297861838332,15.95,45.67,1.21,22.94,2.45,4.47,1
Malindi,2025-11-01,-2.9686255265372234,40.124119254605674,14.86,40.86,2.76,22.95,0.5,3.67,1
Malindi,2025-11-23,-3.195056404843179,40.09006142865455,41.85,54.06,1.4,8.81,2.84,1.81,1
Malindi,2025-11-28,-3.2156965861132947,40.05391422108264,84.26,87.71,2.62,9.21,4.24,1.09,1
Malindi,2025-12-11,-3.3301629695077017,40.00664147966207,40.2,51.99,1.42,19.05,1.88,2.11,1
Malindi,2025-11-12,-3.243061268496841,40.00985539738111,13.94,32.89,1.73,31.66,1.54,5.43,0
Malindi,2025-11-06,-3.386870072442959,40.123214027298836,23.8,37.94,2.11,9.4,3.43,0.17,1
Malindi,2026-01-22,-3.338852141996374,40.08623372758718,28.03,56.59,1.46,13.07,4.51,0.42,1
Malindi,2026-01-14,-3.0981634658517883,40.013850632956945,69.71,92.64,2.05,11.28,4.73,1.34,1
Malindi,2026-01-09,-3.139697845476801,39.978684149636,18.98,35.72,2.71,16.94,2.06,1.57,1
Malindi,2026-02-08,-3.0529599126819975,40.043320699784076,50.76,58.09,1.3,24.27,1.62,0.05,1
Malindi,2025-11-21,-2.9754823753791295,39.944836009550194,33.12,42.49,0.9,5.1,4.46,1.07,1
Malindi,2026-02-11,-3.0177672806038753,40.06003409250777,32.98,71.03,2.25,0.0,4.31,0.21,1
Malindi,2025-11-02,-3.3616986284538046,40.08012987687691,15.16,54.32,1.92,14.32,6.33,1.09,1
Malindi,2026-01-22,-3.3190381105907125,39.996570230403535,48.21,66.75,1.8,34.07,2.72,4.08,0
Malindi,2026-02-05,-3.251549282092569,40.1014812616381,13.53,17.88,0.84,6.8,3.34,0.67,1
Malindi,2025-11-10,-3.074941450152542,40.09499428216936,35.53,64.2,0.86,25.89,2.28,1.21,1
Malindi,2026-01-25,-3.1640349008710733,39.9756856059967,8.72,24.08,1.45,19.12,1.47,0.06,1
Malindi,2026-02-18,-3.3639768452275405,40.03860115336334,17.96,34.52,2.97,4.28,8.41,1.42,0
Malindi,2025-12-02,-3.2106305765610847,39.91306527129081,55.48,62.05,0.5,20.22,3.33,0.15,0
Malindi,2025-12-08,-3.306104516572217,39.95186400592203,20.97,32.31,1.56,8.97,1.71,0.36,1
Malindi,2025-11-17,-3.1255239330210784,40.06384002207417,49.67,76.63,0.6,12.0,2.67,3.71,1
Malindi,2026-01-06,-3.124953050629047,39.98477590185048,16.87,55.9,1.26,13.52,2.75,7.81,0
Malindi,2025-12-19,-3.333235177784611,40.14913885393857,53.32,84.6,1.09,3.48,0.97,0.66,1
Malindi,2026-01-30,-2.9537557107186725,40.03696670712833,25.2,62.31,2.21,15.15,0.0,2.16,0
Malindi,2026-01-07,-3.2721916912042817,40.002512675114744,19.41,38.66,1.13,35.47,0.88,0.16,1
Malindi,2026-02-17,-3.184381541108569,40.12844685760292,33.68,39.95,1.04,21.9,1.22,2.13,1
Malindi,2026-01-27,-3.3372092231960613,40.00524306968743,15.65,19.6,0.65,33.78,3.12,1.79,0
Malindi,2025-11-08,-3.334228802546907,39.9671026122832,45.02,71.43,2.65,4.9,3.27,4.73,1
Malindi,2026-02-19,-3.201204686255565,40.040478987124196,39.41,47.14,2.36,48.92,0.0,0.86,1
Malindi,2025-12-30,-3.108035502887069,39.92027974690213,36.95,51.26,1.84,24.29,0.0,0.64,1
Malindi,2025-11-07,-3.155966569060227,40.065523701035744,6.9,19.0,2.05,21.2,0.41,1.67,0
Malindi,2025-11-21,-3.3121324932224145,39.92413059299544,42.03,86.55,1.88,10.01,5.66,2.07,1
Malindi,2026-02-12,-3.0553955456912005,39.97553252436704,26.63,33.15,2.75,5.42,3.46,0.13,1
Malindi,2026-02-05,-3.0101426664833713,40.14560806715158,19.07,33.55,0.56,18.11,1.5,0.12,0
Malindi,2026-01-29,-3.278360855941263,40.00515731301389,84.41,110.68,0.61,34.2,1.8,0.01,0
Malindi,2026-01-08,-3.3799386463177665,40.08326248420079,16.89,59.33,2.45,20.92,2.09,3.9,1
Malindi,2026-02-21,-3.3019645030564226,39.94992596963201,23.96,32.71,2.75,46.8,0.0,0.26,0
Malindi,2025-12-29,-3.3554116949270876,40.020525858749,33.86,61.01,2.29,13.36,4.59,3.23,1
Malindi,2025-11-13,-3.277460440461997,40.07390404174998,20.96,38.5,1.79,0.0,3.82,0.15,1
Malindi,2025-11-01,-3.1451032663458314,40.01792852274148,27.4,45.26,2.36,11.68,2.88,0.87,1
Malindi,2026-02-05,-3.3706778820019543,40.096817004290074,94.97,113.36,2.02,33.27,2.55,1.1,1
Malindi,2025-11-07,-3.3502001153924805,39.93669284365451,4.48,16.29,2.08,32.0,1.91,0.1,1
Malindi,2026-01-27,-2.9769424682870937,39.98358388190423,97.96,132.1,1.47,4.0,1.58,0.31,1
Malindi,2025-12-09,-3.325934455159767,40.01456965823741,22.05,65.08,0.78,7.78,0.0,5.2,1
Malindi,2026-01-24,-3.0154003363083612,40.10764864965617,36.69,38.98,0.7,31.77,3.72,0.63,0
Malindi,2025-11-05,-3.0378407563080447,40.134570767531855,34.72,53.45,1.13,0.0,0.37,1.58,0
Malindi,2025-11-26,-3.073655612842789,40.12177988715789,42.62,78.38,0.74,24.84,2.44,1.4,1
Malindi,2025-12-08,-3.1457635313753065,40.087930952518896,66.07,101.82,2.17,6.05,1.67,0.6,1
Malindi,2026-02-20,-3.052474496661212,39.97492334502946,43.05,62.48,1.0,13.34,1.63,0.32,1
Malindi,2026-02-24,-3.022488952222529,40.13030234199698,83.15,94.0,0.73,11.16,3.37,0.62,1
Malindi,2025-12-29,-3.0458234375173747,39.93918530840476,41.95,62.79,2.04,27.13,2.12,2.07,1
Malindi,2025-12-26,-3.0056482839812144,40.10249275399765,41.46,65.6,2.35,33.28,0.42,3.54,1
Malindi,2025-12-10,-3.2348448487650017,39.93337290864515,30.69,77.55,2.36,10.68,3.8,0.48,1
Malindi,2026-01-24,-3.1436809094526073,40.005106123364996,13.56,40.16,2.34,31.49,5.16,0.84,1
Malindi,2025-11-14,-3.26196473046743,39.982657089100194,11.0,98.15,2.35,24.24,2.85,4.98,1
Malindi,2026-02-22,-3.017363745101076,39.91430329963541,77.24,83.53,0.62,5.79,3.12,2.38,1
Malindi,2025-11-27,-3.3967402165641944,40.09728152053178,61.43,71.22,2.23,8.08,2.03,1.46,1
Malindi,2025-12-21,-3.2652546177471944,40.118358839010746,9.63,30.68,1.16,21.23,5.74,1.02,0
Malindi,2026-02-11,-3.384348731595743,39.96442982334929,55.96,78.6,1.02,13.16,3.37,1.59,1
Malindi,2026-02-15,-3.39565562784388,40.06620782540243,34.69,67.75,2.85,12.42,0.84,2.58,0
Malindi,2026-01-21,-3.018359811045015,40.13339015726417,26.42,32.9,3.0,28.09,4.69,0.61,1
Malindi,2026-02-10,-3.074267700200228,40.09318219107528,41.92,60.32,2.23,21.88,6.34,2.74,0
Malindi,2025-11-26,-3.356829774685135,39.995302571629665,10.86,45.06,2.21,2.32,3.17,4.76,1
Malindi,2026-02-02,-2.9936184790658267,39.935952849939866,26.79,52.22,1.59,31.46,0.5,2.47,0
Malindi,2025-12-22,-3.0065878019161656,39.94262742884306,10.33,27.22,2.84,25.54,0.0,1.16,0
Malindi,2026-02-20,-3.1133983167414736,39.90092763746575,23.74,52.54,2.58,23.19,0.51,2.73,1
Malindi,2026-01-13,-3.1053439122528768,40.05010704821686,22.96,26.17,2.08,24.66,7.02,2.64,1
Malindi,2025-12-09,-3.1861724660805835,40.054831185603,37.97,48.2,1.36,0.56,0.84,1.28,1
Malindi,2026-02-04,-3.1670996023222555,39.971703415384546,21.49,54.35,2.92,18.89,0.0,2.08,1
Malindi,2025-11-26,-3.2050213004925316,40.08195455309594,31.64,56.31,0.92,7.55,2.24,0.19,1
Malindi,2026-01-30,-2.9992479580720572,40.06786712552874,17.92,72.15,1.81,12.68,3.87,0.29,0
Malindi,2026-01-23,-2.9518613982976643,40.088683009433396,17.0,55.25,0.71,37.97,1.99,1.34,1
Malindi,2025-12-25,-3.2398218324122854,39.99075103930045,76.52,88.25,1.01,11.79,1.84,0.79,1
Malindi,2026-02-15,-3.228781258996539,39.981330404378554,37.46,58.42,0.6,35.61,3.02,5.25,0
Malindi,2026-01-03,-3.0543602713842666,40.033451853251705,71.22,76.35,1.11,14.42,5.07,2.87,1
Malindi,2025-12-02,-3.313013696059577,39.91325661914999,21.92,35.35,2.23,17.05,3.46,1.22,1
Malindi,2025-12-26,-3.0477316010247018,40.05701782892416,10.46,48.71,2.63,27.57,1.54,1.43,1
Malindi,2026-01-07,-3.3085081651740333,39.94666598731984,2.94,31.49,1.14,24.13,1.65,0.99,0
Malindi,2026-01-03,-3.209245509246519,40.06916122074941,11.8,24.12,1.52,0.0,2.96,5.64,1
Malindi,2026-02-17,-3.377714017107518,40.004909611167456,83.01,94.02,1.59,22.6,0.37,0.67,1
Malindi,2026-02-25,-3.119886814513533,39.94982743306138,28.77,82.0,2.37,9.12,2.97,0.19,1
Malindi,2026-02-05,-3.0848022820109096,40.01994589980839,12.86,22.02,0.58,13.67,5.34,0.79,0
Malindi,2026-01-12,-3.196702615434959,40.05185938886771,12.2,24.08,0.82,21.24,2.08,7.3,1
Malindi,2025-11-02,-3.283305167338066,39.95055379614923,28.46,72.86,2.63,10.86,1.74,1.47,0
Malindi,2025-11-15,-2.974773115874882,39.97422282775917,101.93,142.56,0.63,0.0,3.34,0.58,1
Malindi,2025-11-10,-3.0626172131478575,39.99878393014337,31.69,50.48,0.5,16.99,0.8,3.65,1
Malindi,2026-01-11,-3.2514031890692614,39.979558175070004,7.75,23.04,2.66,15.4,5.28,0.85,1
Malindi,2026-01-21,-3.326728155878098,40.11201552818739,51.46,77.4,2.12,9.55,4.64,5.72,1
Malindi,2026-02-23,-3.3342487609855582,39.921863576741195,14.71,45.41,1.95,3.75,4.24,3.15,1
Malindi,2026-01-09,-3.354443761282412,39.94436918312713,17.26,22.67,2.38,15.75,2.89,0.51,1
Malindi,2025-12-23,-3.0587683488957516,39.92883322982211,8.87,22.9,0.68,17.75,2.98,0.36,1
Malindi,2025-12-21,-3.1842126980395236,39.96448013007038,24.76,41.45,0.64,12.91,3.52,7.89,0
Malindi,2025-12-26,-3.146071709920597,40.0536494274183,11.02,38.87,2.61,29.59,0.28,4.26,0
Malindi,2025-12-13,-3.0805064655590417,39.927303684139254,10.05,22.83,2.01,15.31,1.42,2.31,0
Malindi,2026-01-15,-3.372897085481349,40.12751982822321,32.61,43.63,0.92,18.78,1.88,0.48,1
Malindi,2026-01-17,-3.0995815471033366,39.96432045648399,34.33,84.55,0.78,0.32,4.73,1.23,1
Malindi,2026-01-28,-3.057621448125363,39.940219633751155,20.94,64.94,2.86,14.06,6.47,1.29,1
Malindi,2025-11-17,-3.2576184768603986,39.99514073167031,32.22,39.22,1.96,44.68,2.39,4.56,0
Malindi,2026-01-30,-2.991284334669663,40.13752798148156,27.86,77.7,2.95,0.0,3.01,9.3,1
Malindi,2026-01-03,-3.0311158985273243,39.92338325007933,41.85,57.22,0.72,27.48,2.97,3.63,1
Malindi,2026-02-24,-3.152211163876756,39.93597330231573,75.3,105.84,1.75,20.19,1.43,0.62,1
Malindi,2025-11-11,-3.228715969334318,40.14598680550594,12.43,16.85,1.53,16.02,1.45,0.8,1
Malindi,2025-12-15,-3.081358379810692,40.12843782384711,29.26,30.22,1.13,16.02,2.75,2.23,1
Malindi,2025-12-14,-3.153161735552244,40.07003472824103,31.36,54.7,1.21,18.71,4.92,4.81,1
Malindi,2025-11-04,-3.217715770994797,40.01493941326375,8.23,27.23,0.62,0.0,0.0,0.13,0
Malindi,2025-12-30,-2.9923528477547725,40.04729199236016,42.03,61.59,2.25,35.83,4.25,3.81,0
Malindi,2025-12-22,-3.071899474295671,40.08477020258297,8.22,22.05,2.43,22.06,0.22,0.15,0
Malindi,2025-11-27,-3.099796789603573,40.024336595575804,42.8,54.1,0.68,33.3,4.12,0.14,1
Malindi,2025-12-30,-3.3276618102682805,39.92367505316806,4.15,18.17,1.96,23.48,2.14,1.57,0
Malindi,2026-01-19,-3.0679554002402734,40.01239096842169,9.61,33.29,1.96,26.01,0.3,4.64,0
Malindi,2026-01-17,-3.1348480459894765,40.01128360987166,10.74,48.98,2.33,26.39,0.0,0.62,1
Malindi,2025-11-01,-3.16849444859703,40.006204994365184,38.05,70.77,2.89,20.49,1.94,0.35,1
Malindi,2026-01-26,-3.128114890270238,39.926484418913226,9.75,21.84,2.09,36.81,4.27,0.35,0
Malindi,2025-12-02,-3.088375883119385,39.93819590266978,37.51,56.45,1.91,21.77,1.13,2.08,1
Malindi,2026-02-12,-2.9749504519982723,40.101111238167974,82.58,84.71,1.2,21.2,2.75,0.12,1
Malindi,2025-11-07,-3.238188864919428,39.94121345842769,5.83,20.55,1.79,9.89,0.7,0.86,1
Malindi,2026-02-20,-3.1660224969298953,39.91883196399893,29.76,57.98,2.06,15.07,0.58,2.2,1
Malindi,2026-02-17,-3.325078535384911,40.01536678110479,21.6,33.34,1.01,32.31,1.53,8.43,1
Malindi,2025-12-26,-3.3252946412183664,39.95818788697588,33.3,58.06,2.39,11.9,0.29,4.23,1
Malindi,2025-11-17,-3.1387308351144387,40.13128737931505,14.78,47.03,0.61,27.64,2.78,0.04,1
Malindi,2026-02-09,-3.1044680048515505,39.97959570493527,58.83,86.01,2.41,18.19,0.0,1.58,0
Malindi,2025-11-21,-3.295476742554878,40.07481527692705,29.25,45.36,2.81,0.0,5.49,1.36,1
Malindi,2026-02-21,-3.3286448356519167,40.108350317459795,16.63,75.79,1.27,26.87,1.33,1.49,1
Malindi,2025-12-31,-3.296600684649725,40.05352990333649,23.96,74.17,1.73,17.93,1.05,0.76,1
Malindi,2025-12-31,-3.2392748089818655,40.099551310982605,12.75,29.33,2.56,16.81,4.45,1.91,1
Malindi,2025-11-06,-3.0194216669194778,40.12353542782889,19.61,44.82,2.54,30.54,1.66,1.16,1
Malindi,2025-11-28,-2.954093249419733,40.025910784010854,24.06,46.83,1.27,21.67,4.61,0.52,0
Malindi,2026-01-21,-3.0407520484270805,39.96360937676512,1.81,46.02,2.72,5.14,0.65,0.21,1
Malindi,2025-11-19,-3.0872542020573617,40.03806550799816,38.87,60.81,2.81,21.19,0.79,4.0,1
Malindi,2026-02-14,-3.2585458386762514,40.08757088882277,26.85,46.2,2.66,9.83,0.85,2.68,0
Malindi,2026-01-08,-3.1886003703978667,40.103523828383295,35.03,53.66,2.61,7.59,5.72,3.62,1
Malindi,2026-02-10,-2.9925014436938318,40.077718764848285,35.2,82.11,1.08,37.32,0.0,1.24,1
Malindi,2026-01-11,-3.1660293716894943,39.96375105642879,8.84,47.06,1.68,0.0,2.69,2.92,1
Malindi,2025-11-29,-3.327461676699062,40.051220492231124,12.32,54.25,1.31,12.21,6.06,0.08,0
Malindi,2025-11-14,-3.206672086945683,40.00906171077274,61.69,80.46,2.49,11.49,1.19,4.24,0
Malindi,2026-01-04,-3.1167515579451273,40.02983794954564,13.59,17.9,1.57,27.28,4.68,1.42,0
Malindi,2026-02-08,-3.179756040724563,39.993789577448766,54.52,68.7,2.03,31.73,3.86,0.29,1
Malindi,2025-11-13,-3.0023003245342257,39.9744535730039,79.35,111.89,2.0,8.96,3.71,0.89,1
Malindi,2025-11-25,-3.0883513866644794,39.93126484494484,21.2,53.31,0.61,0.0,2.7,0.06,1
Malindi,2026-01-06,-3.1122853876911036,40.09817401759986,41.85,61.37,1.57,40.07,1.83,9.1,0
Malindi,2025-12-03,-3.3592750205608803,40.09266155010549,27.28,68.54,2.77,7.87,0.92,0.36,1
Malindi,2025-11-28,-3.0951344289897293,40.082625371025614,37.91,56.84,2.05,14.61,2.77,0.72,0
Malindi,2026-02-23,-3.319145845153309,40.06590642979173,10.04,77.28,1.57,13.79,3.79,1.01,0
Malindi,2026-02-10,-3.2153636233879435,40.00739457254869,30.08,34.84,1.74,13.53,1.94,0.68,0
Malindi,2026-01-22,-3.21814311540539,39.934133101993424,24.68,46.57,0.91,19.62,4.5,3.56,1
Malindi,2026-01-03,-3.189149762217169,40.04305881684649,13.19,34.82,2.56,6.33,3.98,7.41,1
Malindi,2026-02-19,-3.096043411749055,39.90447775992081,13.82,37.68,1.52,24.43,3.14,0.01,1
Malindi,2025-12-07,-3.256743158097521,39.938842315800144,36.05,45.52,1.28,27.24,1.85,5.17,1
Malindi,2026-02-12,-3.026100502711883,40.12303873842302,26.03,41.71,0.72,8.89,3.66,2.07,1
Malindi,2026-01-29,-3.2750662003435917,40.04003759751333,38.77,68.11,2.84,7.71,2.88,0.46,1
Malindi,2025-12-15,-3.084560621087477,39.99757864826309,21.21,33.31,0.7,31.06,6.56,0.22,0
Malindi,2026-02-12,-3.0921296540079988,40.10973452869354,18.7,26.68,1.28,34.81,3.02,0.19,0
Malindi,2026-02-03,-3.2509724682010885,40.076990356496594,13.55,77.2,1.97,25.21,3.78,0.95,1
Malindi,2026-01-31,-2.985211004525783,39.93814170212296,47.68,68.07,0.54,27.84,0.0,2.24,1
Malindi,2026-01-22,-3.031754299878783,40.08085390814294,19.08,37.18,2.18,0.0,2.73,0.2,1
Malindi,2025-11-14,-3.234271518491271,39.97193946498845,15.11,20.55,0.98,20.95,5.69,1.6,1
Malindi,2025-12-19,-3.157293464039353,39.95285844891027,42.74,52.9,1.08,20.08,3.36,2.48,0
Malindi,2026-01-02,-3.1558713665582525,39.9996256446357,4.31,31.75,1.57,17.08,4.35,2.12,0
Malindi,2026-02-02,-3.3612029357725723,39.978547985939954,17.07,28.59,2.69,28.81,1.93,0.07,1
Malindi,2025-12-10,-3.1613796415487734,40.0515684458253,16.06,27.76,2.63,30.58,1.53,4.03,1
Lamu,2025-12-30,-2.3057614185524695,40.78186755285647,3.36,28.63,1.46,19.2,3.31,1.25,0
Lamu,2026-01-16,-2.402766769193057,41.01640065779227,23.12,26.62,1.11,26.2,1.65,1.38,0
Lamu,2025-12-05,-2.142055062997963,41.01518492007086,31.88,59.81,2.07,3.83,1.23,1.34,1
Lamu,2025-12-29,-2.3026171733127323,40.96564333396151,37.31,41.25,2.11,22.14,0.96,0.22,0
Lamu,2025-11-10,-2.0311589865457753,40.95288967042503,51.46,76.57,2.94,27.63,1.05,0.29,1
Lamu,2025-12-02,-2.011672087218005,40.879845877995685,42.71,70.71,2.63,22.03,0.0,2.42,1
Lamu,2026-02-23,-2.31376855092115,40.863190014221196,29.27,62.79,1.36,6.94,2.7,6.79,1
Lamu,2026-02-09,-2.428911220578466,40.78715570866496,48.47,55.23,1.27,17.59,3.59,1.14,1
Lamu,2026-01-03,-2.1838719929100265,40.979672527220515,36.4,41.31,1.75,37.69,1.24,1.03,0
Lamu,2025-11-25,-2.3665869309791256,40.88199113177419,62.94,110.83,2.67,4.79,0.73,0.3,1
Lamu,2025-11-09,-2.4221296763613327,41.08197128147767,64.08,71.15,0.76,12.39,2.82,0.26,0
Lamu,2026-01-24,-1.981240110988569,40.88175286577741,45.97,72.78,1.85,4.75,0.21,1.67,1
Lamu,2026-02-17,-1.977341309308589,41.09681289739663,34.22,75.92,1.6,25.38,1.37,2.72,1
Lamu,2025-11-19,-2.4172831676976863,40.93932043810199,40.25,77.26,0.86,0.0,0.0,0.04,1
Lamu,2026-02-10,-2.1812856959969267,40.87206965667543,20.79,28.62,1.76,5.42,4.81,2.22,0
Lamu,2025-12-14,-2.328947177264403,41.09705204796646,15.95,23.77,2.68,15.37,2.86,3.04,1
Lamu,2026-01-17,-2.2943455730237763,41.02196737265815,19.6,30.07,0.61,1.87,0.0,4.83,1
Lamu,2026-02-01,-2.2261387662748704,40.966863855868574,80.5,110.06,2.01,16.74,1.25,1.01,1
Lamu,2026-02-16,-2.377179081717246,40.910892128655,25.35,56.72,1.55,11.79,1.82,0.22,1
Lamu,2025-12-20,-2.404886829729119,40.9950821139603,25.11,36.75,1.34,19.42,0.36,0.44,0
Lamu,2026-02-12,-2.02976967939919,40.760625589952454,19.18,32.27,1.91,9.39,5.59,1.92,1
Lamu,2025-11-13,-2.013746513044679,41.00066264845678,15.95,67.82,1.17,22.62,0.75,0.6,1
Lamu,2025-12-14,-2.0137236795745492,40.75526858101589,37.56,66.61,0.9,15.01,1.79,1.23,1
Lamu,2025-11-14,-2.277780146054279,40.81718954109847,74.6,84.78,0.93,11.81,1.02,0.64,0
Lamu,2025-11-03,-2.1004884889966133,40.99440842622204,9.84,18.19,2.37,14.7,2.89,8.84,0
Lamu,2026-02-08,-2.4317646008202387,40.85358525788704,17.47,54.11,1.16,41.55,1.62,1.35,0
Lamu,2026-02-03,-1.956501583997993,40.955334068176654,11.54,60.62,2.77,20.34,2.58,1.2,1
Lamu,2025-11-02,-2.399476168727771,41.08010958965969,67.45,121.44,1.56,30.36,4.73,0.86,1
Lamu,2025-11-03,-2.0925830519036883,40.89210867363871,27.9,76.29,0.5,24.99,0.43,0.86,1
Lamu,2025-12-04,-2.0909859425330164,40.971432644156266,18.86,37.35,1.83,26.43,2.24,2.5,1
Lamu,2026-02-19,-2.091755592726961,40.932927321771814,67.76,79.06,1.0,30.1,1.15,0.11,1
Lamu,2025-12-12,-2.2839843716140344,40.8646079315593,19.56,72.37,0.63,5.5,1.65,2.72,1
Lamu,2025-12-30,-1.9696731778425531,40.78387980965444,45.06,66.73,1.9,2.71,0.0,1.73,1
Lamu,2025-12-19,-2.1411419056012773,40.944868070146335,38.81,51.57,1.52,18.97,4.65,1.82,1
Lamu,2025-11-24,-1.959540958461346,40.87609923528151,53.48,65.51,1.13,11.47,0.35,0.85,1
Lamu,2025-11-21,-2.0861349041951813,40.84090980728419,27.08,54.96,1.56,3.57,0.0,12.41,1
Lamu,2026-02-02,-2.2906402422873144,40.78777391244412,5.71,14.0,1.46,16.83,1.0,0.94,0
Lamu,2026-01-27,-2.1463873240266915,41.02555861294564,99.11,108.64,0.82,14.02,2.03,1.67,1
Lamu,2026-01-23,-1.9707924125359841,40.76657639601526,41.09,98.38,1.57,9.72,0.0,9.6,1
Lamu,2026-01-26,-2.3494070608917053,40.987278815560614,15.86,58.77,0.54,16.66,0.0,2.55,0
Lamu,2026-02-08,-2.321561294193779,40.88408893565267,22.23,45.0,0.75,31.36,1.1,2.69,0
Lamu,2026-02-04,-2.1324625478134203,41.05777233875318,19.35,40.83,0.85,1.74,2.69,1.04,1
Lamu,2026-02-18,-2.272711015867364,40.82173800533501,4.66,17.8,1.69,28.37,1.36,1.79,0
Lamu,2025-12-19,-1.9978418417118746,40.89452806255264,53.45,58.33,2.06,32.61,1.39,3.51,1
Lamu,2025-12-07,-2.3242770260779197,40.845436557697674,20.89,25.71,2.36,22.8,0.0,0.54,1
Lamu,2026-02-14,-2.027099235600068,40.99189794275485,16.29,73.97,0.54,9.96,0.0,3.1,0
Lamu,2025-12-17,-2.0616989553423966,40.96002663202135,9.36,40.45,2.35,46.65,0.0,0.08,1
Lamu,2026-02-05,-2.3447219335385756,40.861077848597226,51.51,63.99,0.58,17.02,3.31,0.14,1
Lamu,2025-12-24,-2.074355745092374,41.00504205718795,26.64,28.59,2.1,0.0,2.89,1.14,1
Lamu,2026-01-12,-2.223609829852638,40.81808386189329,71.48,74.93,1.53,13.59,3.86,3.17,1
Lamu,2026-02-04,-2.0734208775815057,40.777453407275644,0.26,15.06,1.0,0.0,2.98,1.71,0
Lamu,2025-10-31,-2.218786382028554,40.950000317024056,27.44,55.17,1.36,23.55,2.24,0.61,1
Lamu,2026-01-05,-2.128502088963723,40.84448222218325,43.04,109.83,1.77,10.91,0.0,2.17,0
Lamu,2026-01-04,-2.3060629772293604,41.045800674105244,83.28,131.18,1.65,24.88,2.7,5.56,1
Lamu,2026-01-17,-1.999392669082089,40.903483988936635,8.32,17.93,2.8,0.0,5.33,0.93,1
Lamu,2026-01-06,-2.2492084275588042,40.958545897439514,8.29,16.59,0.84,29.58,0.2,5.62,1
Lamu,2025-11-24,-2.4376730277138074,41.07946680725826,82.21,109.42,0.56,7.89,2.2,0.19,1
Lamu,2026-01-26,-2.420719746334948,41.038407530674796,30.62,47.38,2.06,26.86,0.0,2.22,1
Lamu,2025-12-07,-2.097692442854001,40.84456957112055,30.04,59.67,0.81,8.24,0.68,3.77,1
Lamu,2026-01-03,-2.394100129741361,40.896679229117765,21.23,23.7,1.45,31.25,0.0,0.43,1
Lamu,2026-01-13,-2.3669111193779195,40.8910771331934,17.23,54.73,2.65,7.17,3.3,0.97,0
Lamu,2025-11-10,-2.0939015589491894,41.00572588957462,10.38,24.35,2.46,30.24,1.88,0.44,0
Lamu,2026-01-26,-2.381679820328797,41.080720688490786,7.4,41.56,0.7,23.96,1.22,2.14,0
Lamu,2026-01-19,-2.0467892123472775,40.9395417721237,59.27,79.49,2.63,5.18,1.26,1.34,1
Lamu,2025-11-25,-2.111459911264517,40.92120468071757,12.33,39.4,2.46,4.21,0.32,0.85,1
Lamu,2026-02-23,-2.319387743854173,40.87335542896838,49.51,79.21,0.78,18.41,3.66,0.86,1
Lamu,2025-12-12,-2.3239704801495913,41.0401878789192,18.96,54.0,1.19,23.57,1.95,0.48,1
Lamu,2026-02-11,-2.2145333398335394,41.04323619413705,28.86,88.28,2.56,26.32,2.26,0.92,0
Lamu,2026-02-03,-2.3135023679121547,40.86224149747147,60.66,72.62,0.52,6.61,2.75,4.29,1
Lamu,2025-11-25,-2.0015172992762014,40.77527541411501,36.73,64.21,2.42,13.5,4.86,0.47,1
Lamu,2025-11-08,-1.9883104504784557,41.094872097151814,23.4,31.33,2.15,26.83,2.61,1.14,1
Lamu,2026-02-03,-2.068905987895671,40.83188239495609,15.96,34.1,0.63,6.38,3.67,0.77,1
Lamu,2025-11-21,-2.3802143342711504,41.08797251690738,41.12,50.8,2.52,26.95,2.57,1.95,1
Lamu,2026-01-31,-2.1041818824553222,40.86028854104009,25.37,52.99,0.69,17.94,4.93,4.34,0
Lamu,2025-11-03,-2.061243180011159,40.904723716299785,20.14,31.75,1.58,33.28,0.0,1.55,1
Lamu,2025-12-04,-2.293552579763859,40.88287983157004,11.25,24.34,2.96,17.14,3.61,2.25,1
Lamu,2025-11-03,-2.27353418705743,41.098197227787125,16.95,25.95,1.43,4.06,2.19,4.02,0
Lamu,2026-01-26,-2.4148716626029687,40.75204689842625,15.31,52.2,1.35,24.3,3.44,1.73,1
Lamu,2025-12-25,-2.1773680982349637,40.97190909806994,30.13,50.84,2.5,11.78,1.65,5.39,1
Lamu,2026-01-31,-2.2894798002777113,40.78926232205825,18.69,36.85,2.21,16.81,2.58,2.21,1
Lamu,2026-01-30,-2.4486714061412855,40.88970013727715,15.81,21.13,0.65,23.16,4.39,0.06,0
Lamu,2025-11-08,-2.4404525358729985,40.83650481050018,13.76,20.05,1.51,22.02,0.0,1.34,0
Lamu,2025-11-12,-1.95714110985922,40.913129709756845,43.14,74.29,2.78,16.68,5.87,0.2,1
Lamu,2025-12-26,-2.186596320673643,40.85219549650676,21.34,34.62,1.53,20.08,4.08,1.89,1
Lamu,2026-01-08,-2.1343356616651894,40.94819918745336,64.75,89.53,1.17,40.73,3.0,1.07,1
Lamu,2026-02-17,-2.0592982276491933,41.05151619580381,14.39,30.42,0.62,25.08,0.0,0.67,0
Lamu,2025-10-29,-2.0749749024532185,40.88222879518955,29.94,49.11,0.64,10.2,0.24,2.85,1
Lamu,2026-01-12,-2.1771784595407597,41.09699583024347,7.2,18.32,2.45,18.14,0.0,2.08,0
Lamu,2025-11-04,-2.100142714885574,40.829658502370506,6.06,45.79,2.44,16.79,3.62,2.48,1
Lamu,2026-01-24,-2.069215699788552,40.93512319454709,16.91,34.68,1.31,39.9,3.67,0.59,0
Lamu,2025-11-19,-2.0078034928339186,40.964737213496875,25.11,35.9,2.67,31.05,0.05,7.01,0
Lamu,2025-12-25,-2.055165583052544,40.821081036770124,31.36,49.62,0.51,16.66,2.49,3.02,1
Lamu,2025-11-18,-2.276207942486789,40.954004781561615,28.16,56.04,2.08,16.54,1.19,1.4,1
Lamu,2025-11-26,-2.086185783172284,40.92586248876979,79.79,116.84,2.74,11.2,4.46,4.2,1
Lamu,2025-11-18,-2.3069961352830077,40.995012382251,31.75,52.59,1.39,17.62,2.9,1.71,1
Lamu,2025-12-22,-2.3729460168718925,41.03656332693067,12.85,34.29,2.39,0.0,4.18,0.29,1
Lamu,2025-12-14,-2.2988988428399395,41.04846369062589,38.35,70.63,1.43,10.16,0.88,2.35,1
Lamu,2026-02-21,-2.353222110428146,41.01367044711011,27.81,57.36,2.06,18.94,0.0,3.24,1
Lamu,2025-11-27,-2.043707235121513,40.76216241584782,22.23,23.3,1.48,19.29,1.97,5.28,0
Lamu,2026-01-11,-2.140602942681812,40.99173087451819,18.8,50.58,1.8,8.11,5.14,1.84,0
Lamu,2025-10-30,-1.9843067182926244,41.04493424848011,24.77,67.15,0.88,19.95,0.0,0.63,1
Lamu,2026-01-27,-2.124235257435238,41.060487769905926,38.25,41.84,3.0,0.25,5.58,3.07,1
Lamu,2026-01-20,-2.1310764796463566,40.80797639442879,15.7,25.05,1.06,6.04,2.75,0.21,0
Lamu,2026-02-20,-2.1761671928040807,40.94941587925227,47.45,63.88,0.98,6.63,5.17,6.1,1
Lamu,2026-02-17,-2.3806400002600157,41.09250195398063,37.61,68.54,1.52,3.2,2.54,0.26,1
Lamu,2025-12-10,-2.3858137797831334,41.03706765734711,26.68,63.21,2.08,28.35,5.19,4.33,1
Lamu,2025-12-20,-1.9507920385203843,41.036838938203054,44.19,59.64,2.6,15.2,2.64,1.46,1
Lamu,2026-02-06,-2.0556157676356563,41.02017584088147,27.07,54.1,2.36,26.73,2.42,0.11,1
Lamu,2025-12-24,-1.9510859443805706,41.023885790703986,29.11,73.48,1.94,34.07,0.0,2.14,1
Lamu,2026-01-14,-2.1836749521131003,41.081836544333775,18.8,53.03,2.12,31.33,2.93,0.96,0
Lamu,2025-11-30,-2.4150227111303164,40.88086856273807,13.71,20.83,2.4,19.33,5.81,7.94,1
Lamu,2026-02-12,-2.410031876825394,40.78923946116605,14.1,18.54,2.61,13.13,2.12,0.45,1
Lamu,2025-11-28,-2.087564674232496,40.75286823063742,33.33,57.53,2.28,24.27,1.73,0.32,1
Lamu,2025-11-13,-1.9778990123315732,40.79241300846239,7.88,15.38,0.79,30.98,0.59,3.8,0
Lamu,2025-12-16,-2.3513597550913867,41.01945781418702,24.61,26.13,2.35,18.62,2.42,1.94,1
Lamu,2026-01-04,-2.4195468807044493,41.09799324542292,20.16,44.83,1.21,20.73,1.59,0.59,1
Lamu,2025-11-02,-2.168490289474524,40.864853986559574,22.76,52.36,2.01,23.48,0.0,3.18,1
Lamu,2026-01-01,-2.2888127968199448,40.77486592111793,14.06,49.39,2.41,39.96,1.64,0.41,1
Lamu,2025-12-20,-2.252524566908725,40.80817030039739,30.04,62.01,2.91,20.76,4.72,0.98,0
Lamu,2026-02-17,-2.1287320288187317,40.94887989833836,48.73,66.52,1.78,32.09,1.56,1.21,1
Lamu,2025-11-08,-2.1163214777394628,40.83525051074836,23.43,69.27,0.88,0.3,4.7,4.7,0
Lamu,2025-11-04,-2.1871465184426966,40.91561807808575,42.05,73.96,2.86,0.0,6.41,0.94,1
Lamu,2025-12-08,-2.1041539654947163,40.943970613311,41.47,64.43,1.54,27.07,2.74,4.15,1
Lamu,2025-12-02,-2.108581467197558,41.056843031232496,76.81,136.77,1.86,28.67,3.14,8.48,1
Lamu,2026-02-11,-2.1492400091422525,40.78661815955405,43.18,49.59,0.64,3.54,0.0,1.04,1
Lamu,2026-02-20,-2.3859489985146514,41.002290469941826,67.65,92.85,2.25,10.15,7.37,0.68,1
Lamu,2026-02-15,-2.4413319694001983,41.04785627877972,13.37,25.33,1.65,17.5,0.06,0.49,1
Lamu,2026-01-07,-2.1929035088747386,41.07770021386193,8.01,34.96,2.43,8.07,1.2,4.08,0
Lamu,2025-11-04,-2.307418832202954,40.8673465803275,12.24,21.1,1.02,33.84,1.51,0.36,1
Lamu,2025-12-06,-2.318947683583764,40.93234228782016,3.69,17.98,2.54,24.74,4.44,0.27,0
Lamu,2026-01-02,-2.4195717967391692,40.825833882846105,85.51,107.22,1.72,0.0,1.1,1.74,1
Lamu,2025-11-17,-2.4271947896746506,40.78707419438041,23.89,32.07,0.64,8.74,2.43,2.15,1
Lamu,2025-12-27,-2.2736513135650895,40.75353978946492,23.23,44.43,1.62,17.08,2.23,0.49,1
Lamu,2025-11-23,-2.3092368177951283,40.96711259449368,24.64,91.83,1.23,20.38,4.94,1.59,1
Lamu,2025-12-22,-2.390636855257754,40.818018952615674,32.51,76.54,1.4,13.31,0.0,0.23,1
Lamu,2026-01-03,-2.3444308962626534,40.87673290845765,3.91,35.4,1.84,8.67,1.86,0.36,0
Lamu,2026-02-14,-2.3378577671158656,40.94994510247574,13.4,63.14,1.44,5.48,2.08,0.17,0
Lamu,2025-12-25,-2.441378814897205,41.016379710218075,20.52,34.11,1.57,22.49,0.0,2.51,0
Lamu,2026-02-04,-2.077427729281623,40.769871576213376,27.29,58.52,1.48,17.29,2.4,0.26,1
Lamu,2025-12-31,-2.4305253789544263,40.97989631227844,14.28,56.04,1.09,3.63,0.0,4.11,1
Lamu,2025-11-12,-2.1760438922464065,40.9292409525562,62.94,102.59,0.59,3.34,1.52,1.89,1
Lamu,2026-02-13,-2.4347402498591233,40.976407183810664,22.5,52.56,0.99,10.0,1.95,1.03,1
Lamu,2025-11-15,-2.29965470582548,41.056779773344566,31.57,70.58,1.6,12.51,1.02,2.11,1
Lamu,2025-12-06,-2.1430194955268664,41.08191127680437,9.56,31.91,0.67,0.0,1.19,0.43,1
Lamu,2025-11-28,-2.3810556621666836,40.98858163198086,23.53,50.75,1.29,34.84,0.0,0.15,1
Lamu,2026-01-25,-2.136853897638375,40.85827726472006,14.1,32.12,1.84,19.49,2.83,1.04,1
Lamu,2026-01-21,-2.204688950769459,41.034872485796,20.34,50.87,1.44,29.79,0.54,3.03,0
Lamu,2025-12-27,-2.059371968628333,40.76922163433458,19.71,57.31,0.61,0.0,0.0,3.88,1
Lamu,2025-11-30,-1.9916179810777972,40.87119367301486,13.9,115.31,1.29,6.29,3.94,3.7,0
Lamu,2026-01-07,-2.121761827433539,40.970413663822235,113.0,138.77,1.74,17.43,0.76,2.86,1
Lamu,2025-12-21,-2.269987287434589,40.92896604777561,17.08,31.68,1.35,23.34,3.92,1.07,0
Lamu,2025-11-10,-2.121969252599112,41.02510163615936,16.45,50.95,2.71,0.0,3.92,9.19,1
Lamu,2026-01-17,-2.409271023900509,40.88183017524748,23.38,32.69,1.47,0.0,3.42,3.86,1
Lamu,2025-12-29,-2.170957396783341,41.010093845728996,21.75,35.06,2.31,21.34,3.45,0.69,1
Lamu,2025-12-29,-2.2412304799829355,40.86717513726256,5.84,8.29,1.97,17.15,1.23,0.94,1
Lamu,2026-01-08,-2.127872025454922,40.98218325768423,10.14,20.89,2.16,6.28,1.73,1.13,1
Lamu,2025-11-15,-2.3034028402303806,40.884954188054856,50.14,54.71,1.35,0.0,0.47,6.32,1
Lamu,2025-11-19,-2.0163885827419445,40.810870994260675,12.92,55.38,1.38,14.38,0.0,2.34,1
Lamu,2025-11-24,-2.228645750396961,40.83637169751954,24.09,46.42,2.41,21.22,3.54,1.19,1
Lamu,2026-01-11,-2.0629610547378223,40.87935203236838,2.32,74.0,0.71,24.41,2.25,0.46,0
Lamu,2025-12-19,-2.057606974244738,40.82921636135941,55.8,64.83,1.21,10.51,2.84,0.4,0
Lamu,2026-01-30,-2.290427214682727,40.854914783545645,9.34,16.01,2.48,1.46,6.45,1.68,1
Lamu,2025-12-29,-2.337596918632644,40.854185172759706,34.26,67.59,0.75,33.6,3.62,0.43,0
Lamu,2025-11-13,-2.3421088652529756,40.80937736147066,34.02,47.98,1.46,16.33,3.4,2.2,1
Lamu,2026-01-02,-2.40308371109169,41.03452042953099,31.57,60.76,2.86,0.0,5.93,3.69,1
Lamu,2026-01-28,-1.9880528719383774,40.86758213282264,35.27,72.37,1.95,21.22,1.21,1.23,1
Lamu,2025-11-16,-2.0933965872635723,40.782810924701685,11.32,17.87,1.17,0.0,0.35,1.86,1
Lamu,2025-11-23,-2.4295981136927183,41.03142533502127,31.52,41.66,2.93,10.02,1.61,3.41,1
Lamu,2026-01-19,-2.1834121976015077,40.998876382464644,50.14,53.47,2.91,25.52,0.64,5.75,1
Lamu,2025-11-01,-2.1831278758786214,40.82640958779384,61.2,72.77,2.42,15.0,1.22,0.95,1
Lamu,2026-02-04,-2.271823503473876,41.024465495707666,29.69,45.37,0.8,19.97,1.67,13.34,1
Lamu,2025-12-15,-2.4210451357212754,41.00588321588804,66.98,76.19,2.91,10.61,2.13,0.81,1
Lamu,2025-11-03,-2.4369290794707976,40.77038745997397,18.07,32.5,2.66,21.59,2.61,0.03,1
Lamu,2025-11-08,-2.4485098339226243,40.9182354508557,33.8,46.04,1.22,25.87,0.0,0.58,0
Lamu,2026-02-15,-2.1890887219742647,40.98250043398718,32.51,54.9,2.01,23.97,1.1,4.36,0
Lamu,2025-11-15,-2.1452386869642166,40.85415195501635,13.9,48.78,1.71,47.94,2.58,0.33,1
Lamu,2025-12-20,-2.349143255254551,40.76277519758787,13.35,24.89,1.08,26.35,0.19,0.45,1
Lamu,2026-01-07,-2.39578548026615,40.94164118407149,36.78,71.44,2.79,13.95,2.63,0.1,1
Lamu,2026-01-02,-2.307531212905659,40.9577701083204,20.63,53.06,1.17,13.4,5.09,1.39,1
Lamu,2025-12-07,-1.9750153523381608,40.838575534362825,23.49,39.23,2.18,38.01,0.0,0.12,0
Lamu,2026-02-18,-2.360864935636261,40.971941920061575,34.6,94.15,1.12,12.95,3.41,2.52,1
Lamu,2025-12-09,-2.3414306353204113,41.074960271180565,13.28,26.3,1.12,32.45,3.1,0.4,0
Lamu,2026-01-07,-2.1943452267833816,40.969293564640914,10.46,19.67,1.92,30.34,0.77,2.66,0
Lamu,2025-12-13,-1.9578109205978516,40.832608418325684,71.44,80.01,0.76,10.3,0.0,5.67,1
Lamu,2025-11-28,-1.9995870169081083,40.84211165667807,19.05,47.41,0.9,0.0,2.49,2.34,0
Lamu,2025-12-08,-2.2421396475181674,40.96088441082511,8.8,56.16,2.72,29.43,0.0,2.25,1
Lamu,2025-11-29,-2.1828258175786086,41.02803436164018,29.8,73.76,0.5,20.97,4.14,0.81,0
Lamu,2026-01-11,-2.0303821250754575,40.999098529150054,35.33,40.2,1.72,15.33,2.59,1.25,1
Lamu,2026-01-04,-2.1550845697231558,40.790564153476026,2.89,33.11,2.06,31.06,2.85,0.04,0
Lamu,2026-01-10,-2.3049238875980294,40.923049702450236,21.02,22.99,2.57,25.31,2.46,5.2,1
Lamu,2026-01-27,-2.2312205036104764,40.88689607310709,19.7,44.06,2.2,34.87,0.0,6.84,0
Lamu,2025-12-17,-2.1579537799794397,40.97663917874202,22.25,51.78,0.87,21.29,0.67,0.43,0
Lamu,2025-11-12,-2.340339673608761,41.041772206208634,10.22,68.3,1.55,26.81,2.62,4.69,1
Lamu,2025-11-17,-2.0502220914754288,40.98528034378112,5.95,20.6,0.77,13.25,0.22,0.32,1
Lamu,2025-11-01,-1.9991039283185899,40.894219612185445,6.26,27.0,1.68,15.28,1.95,1.28,1
Lamu,2026-01-13,-2.376114037631926,40.930143824966436,17.81,22.62,2.34,7.89,1.36,1.06,0
Lamu,2025-12-25,-2.2383664758830712,40.849693200146405,1.61,10.09,0.75,0.78,3.52,1.84,1
Lamu,2025-12-21,-2.1656182594335918,40.78561277215115,25.62,41.69,2.47,20.65,4.05,3.8,1
Lamu,2026-02-15,-2.231827177976852,41.0132141506397,30.32,57.47,1.04,10.33,1.05,6.39,0
Lamu,2025-10-31,-2.4179138729072407,40.86645738506642,27.49,66.08,2.53,35.97,0.0,0.18,0
Lamu,2026-01-14,-1.9991742272623885,41.02208596690922,26.94,51.49,2.47,27.8,5.19,0.39,1
Lamu,2025-10-30,-2.307254568779208,40.91134882676594,38.26,54.6,2.05,38.4,2.7,0.5,1
Lamu,2025-12-24,-2.254964382635885,40.89918700189447,20.95,60.51,0.53,3.81,2.15,0.38,0
Lamu,2026-02-06,-2.0938588291967366,40.9277365805668,28.19,59.35,2.06,13.74,4.39,1.39,0
Lamu,2025-11-14,-2.13990844323292,40.9690696611058,17.2,71.43,2.02,17.18,6.63,3.54,0
Lamu,2025-12-25,-2.2261772349251467,40.88452661138489,4.83,38.54,1.66,0.0,0.5,6.22,0
Lamu,2026-01-06,-2.100085798271914,40.9502182469546,15.58,27.19,2.97,1.9,0.48,1.41,1
Lamu,2025-12-16,-2.447842096116003,40.87605186395208,9.05,23.77,0.79,19.23,0.0,1.86,0
Lamu,2026-01-25,-2.322722103598437,41.011779246844284,8.68,44.78,2.96,19.17,1.38,4.82,0
Lamu,2025-12-29,-2.1452742949141523,40.95857565838839,38.06,83.66,2.45,20.66,4.52,2.05,1
Lamu,2025-12-31,-2.194958328010951,40.8871716498496,46.8,130.47,2.25,18.87,5.92,4.21,0
Lamu,2025-11-18,-2.234410329240629,41.061188892547804,10.95,55.44,2.01,30.84,4.49,0.49,0
Lamu,2026-02-04,-2.0438916452819935,40.989503676755184,45.55,89.17,1.24,20.54,3.23,0.02,0
Lamu,2026-01-11,-2.228774985127802,41.07556434046405,15.66,29.03,0.58,33.2,3.74,0.43,1
Lamu,2025-11-02,-2.0459435374031116,40.82653259072512,14.35,88.05,0.88,22.07,0.29,0.53,0
Lamu,2026-01-10,-2.2003615822289166,40.96822201201047,24.12,37.05,2.52,4.55,2.76,0.31,1
Lamu,2025-12-16,-2.045656557871652,40.7937592201971,37.16,56.0,0.75,29.95,2.84,1.42,0
Lamu,2026-01-16,-2.447218619850664,41.08053169624793,30.96,103.14,2.88,7.27,0.0,3.93,0
Lamu,2025-11-22,-2.244993826900962,40.97860625073659,56.84,86.68,1.98,30.33,2.4,0.34,1
Lamu,2025-12-13,-2.125149800988434,40.93358343055481,40.18,52.16,1.81,28.79,3.01,2.85,0
Lamu,2026-01-12,-2.4172140347122952,40.821536619804306,21.33,30.36,1.81,25.64,3.69,3.8,0
Lamu,2025-11-26,-2.3775193513032695,41.06519586405511,19.7,37.28,2.3,16.16,3.99,4.48,1
Lamu,2025-11-29,-2.2385643605880636,41.03186790009886,58.59,71.59,0.52,14.0,0.0,4.44,1
Lamu,2026-02-01,-2.4214291988651797,40.96692129003395,8.48,46.63,1.18,1.05,2.47,1.97,1
Lamu,2025-11-09,-1.9612433136714074,41.0849350961507,74.07,77.32,0.57,8.09,2.35,1.42,0
Lamu,2026-01-13,-2.425010387347224,40.75751989643349,27.46,39.45,0.94,10.02,3.01,1.6,1
Lamu,2026-01-23,-2.4414205557974964,40.85050322055043,12.0,25.68,0.69,6.83,3.9,0.77,1
Lamu,2026-02-18,-2.145084992957229,40.85896020430438,6.46,45.65,2.1,16.76,4.7,1.29,1
Lamu,2026-01-08,-2.137366829038362,40.95753808262311,30.36,41.77,1.16,13.45,4.4,1.04,1
Lamu,2025-12-19,-2.062734427416072,41.07687707206616,45.87,55.84,1.23,21.72,2.45,1.5,0
Lamu,2025-11-15,-2.2969179676292057,40.752105788653026,61.43,73.01,2.34,14.38,1.82,1.39,1
Lamu,2026-02-01,-2.0899066352750837,40.955974439537314,44.94,62.63,2.57,6.3,1.01,0.61,1
Lamu,2025-12-26,-2.2124387327035695,41.07881371762362,55.03,62.37,1.94,14.24,3.45,0.36,1
Lamu,2025-12-13,-2.2569971212044626,40.84167331046795,34.71,73.24,2.68,23.23,5.25,7.57,1
Lamu,2025-11-28,-2.18838064137235,41.07366139402709,53.7,63.63,2.01,21.28,0.0,0.81,1
Lamu,2026-02-20,-2.4204835170458843,41.099217045809276,26.26,56.02,1.97,13.78,0.0,0.15,1
Lamu,2026-01-16,-2.3970160436451526,40.8939699265098,2.94,48.58,0.97,7.45,0.0,0.03,1
Lamu,2026-02-06,-2.289258070106041,40.85358987140499,23.13,37.3,0.62,18.05,6.37,2.81,0
Lamu,2025-11-04,-2.244048914224618,41.04730934791498,16.34,32.58,2.32,0.0,1.69,1.12,0
Lamu,2025-11-08,-1.9734731993039494,40.96063051113885,15.99,30.07,1.3,24.9,2.09,2.37,0
Lamu,2025-11-06,-2.0171398759444368,41.07922568016847,24.16,97.89,0.52,38.6,0.71,1.31,1
Lamu,2026-02-21,-1.9929040652209176,40.947064891575764,6.51,24.88,2.29,13.73,3.15,0.96,0
Lamu,2026-02-14,-2.070045037975857,41.085127428998256,19.18,33.72,1.5,31.93,3.05,5.75,1
Lamu,2026-01-03,-2.3937437128119963,40.83940847627484,35.1,43.51,1.55,16.65,0.0,5.1,1
Lamu,2025-11-03,-2.1499025481570606,40.81170751958947,12.03,17.48,1.17,20.59,0.65,1.35,1
Lamu,2025-11-24,-2.2163471809119377,41.097506848397785,18.39,37.83,1.24,3.77,2.37,1.27,1
Lamu,2025-11-09,-2.286145839498844,40.80270377107611,26.26,37.32,1.4,3.47,8.58,0.67,1
Lamu,2026-01-03,-2.1199759258758357,41.005862785733235,33.96,53.34,1.98,39.04,3.91,3.16,0
Lamu,2025-11-04,-2.191993518260847,41.09509634150066,37.07,48.45,2.17,29.96,3.1,0.38,1
Lamu,2026-02-22,-2.311394243605835,40.76421073892244,22.8,29.72,0.76,25.4,0.91,2.79,1
Lamu,2025-12-10,-2.395311236431938,40.9820090936982,34.69,35.99,3.0,11.82,2.98,2.11,1
Lamu,2026-01-12,-2.3067457816730634,40.847521818598764,11.91,24.49,2.5,1.41,2.55,0.29,0
Lamu,2026-01-22,-2.3001757053840945,40.838836736431674,37.52,45.87,2.85,15.34,1.6,3.45,1
Lamu,2026-01-21,-2.3015328539729145,40.86281162056553,55.58,61.96,0.59,9.01,2.36,3.63,1
Lamu,2025-10-29,-2.176791767803792,40.86741629316372,0.76,16.02,1.7,18.79,4.65,3.5,1
Lamu,2026-02-06,-2.125836949720416,40.9128747668406,17.03,35.29,0.82,12.58,0.96,0.15,1
Lamu,2026-02-05,-2.4054867484797553,40.85574291549584,43.83,51.29,1.29,5.55,3.2,1.77,0
Lamu,2026-01-28,-2.179824983897865,40.863541223970124,46.46,61.32,2.42,23.98,1.13,6.95,1
Lamu,2026-01-17,-2.3068278805906024,40.894475668525146,26.0,67.54,2.56,34.81,2.56,2.71,0
Lamu,2026-01-02,-2.3147692311718213,41.04153824743018,11.5,38.22,2.02,16.38,2.25,1.39,1
Lamu,2026-02-08,-2.361115986952028,41.07540718969959,17.92,47.79,2.62,23.22,4.43,3.55,1
Lamu,2025-12-08,-2.2263993967984055,40.98470041487869,34.46,78.21,0.64,40.89,3.9,1.11,1
Lamu,2025-12-10,-1.9963564173853448,40.76291857313006,47.37,93.69,0.67,20.01,2.75,0.82,1
Lamu,2025-11-05,-2.3183549123703866,41.0604776546092,35.67,84.11,0.69,23.89,2.39,1.11,0
Lamu,2025-12-27,-2.2817726382916157,41.012531698852264,17.27,31.28,0.79,17.46,2.02,2.39,1
Lamu,2026-01-28,-2.244920516234449,40.95594934355276,13.75,17.06,1.07,11.44,3.61,1.73,0
Lamu,2026-01-06,-2.2648003479602283,41.02811896489049,9.77,41.58,1.85,28.8,0.82,3.13,0
Lamu,2025-12-28,-2.0839265163390523,40.782782326115736,30.02,33.16,2.14,25.56,3.59,1.06,1
Lamu,2026-02-19,-2.0399333829055175,41.044360653571125,18.34,26.5,2.51,33.48,3.13,0.37,1
Lamu,2026-02-16,-2.2034587919022948,41.07717945614936,31.03,40.32,2.13,11.45,3.2,1.25,0
Lamu,2026-02-07,-2.225677312907761,40.78109756524785,20.42,34.8,1.91,20.61,5.43,5.0,0
Lamu,2026-01-09,-1.9666384263527523,41.09998498339821,40.57,49.28,1.49,10.94,3.73,3.31,1
Lamu,2025-11-18,-1.9754149468359885,41.07465113056545,49.65,62.69,1.7,30.83,3.41,3.03,1
Lamu,2025-11-20,-1.9716546605278362,40.94106236415442,34.93,64.24,0.5,16.01,0.54,3.12,0
Lamu,2026-02-21,-2.3608429179311523,40.844609118381086,11.68,67.66,2.12,22.26,1.28,6.15,1
Lamu,2026-01-05,-2.235696551179277,40.82306881933504,16.59,23.37,2.63,19.2,4.7,0.55,1
Lamu,2025-11-24,-2.0260429777322173,40.7726028416689,10.5,35.71,1.68,1.12,4.04,0.71,1
Lamu,2026-02-03,-2.358172903636569,40.97176776983189,13.3,21.76,2.6,11.82,3.08,1.54,1
Lamu,2026-01-08,-2.3080711367281084,40.76458853831893,18.74,21.9,2.43,24.2,1.2,0.13,1
Lamu,2025-12-28,-2.086164589072503,40.95113067988532,12.18,50.05,2.59,22.7,4.77,3.11,1
Lamu,2026-01-06,-2.0613310957656474,40.78185931626244,18.98,33.21,1.01,35.22,0.09,2.49,0
Lamu,2025-12-30,-2.15170665975171,41.033507981062435,64.38,92.78,2.19,36.5,2.23,8.68,0
Lamu,2026-01-03,-2.4079000551767145,40.907723595795666,12.26,35.42,1.72,34.88,1.14,4.09,1
Lamu,2025-12-06,-1.9573877350605506,41.0879259671442,16.4,21.81,1.3,0.0,0.0,1.6,1
Lamu,2026-02-25,-2.036250382389419,40.90591281343411,25.36,55.63,1.81,15.79,6.37,0.87,0
Lamu,2026-01-19,-2.1207419264064127,40.765748632707684,15.22,22.25,1.5,41.86,0.0,0.27,0
Lamu,2025-11-08,-2.3154083708681688,41.0767702782383,19.02,31.67,1.06,0.94,4.18,2.62,1
Lamu,2025-11-12,-2.3378178077752585,40.87646851684072,40.86,47.76,2.47,16.44,2.53,1.29,1
Lamu,2026-02-22,-2.1309080664871174,40.83404998659902,14.15,37.59,1.81,19.12,3.82,4.13,1
Lamu,2025-11-19,-2.1280871170246867,40.9846119145873,40.84,82.3,1.3,7.44,6.35,1.4,1
Lamu,2026-01-11,-2.4357183733902157,40.90782201898332,22.87,34.46,2.45,20.04,2.28,3.24,1
Lamu,2026-02-23,-2.447685013915373,41.045180172854224,26.35,45.04,2.85,12.6,0.0,2.53,1
Lamu,2025-12-12,-2.4145778692099094,41.027558038957736,19.93,40.57,2.21,13.67,3.16,1.46,1
Lamu,2025-12-14,-2.0351106390596687,40.80022335401171,52.58,73.15,0.83,0.0,5.2,1.01,1
Lamu,2026-01-14,-2.402597070174421,40.84921372923723,68.46,76.27,0.74,11.69,1.81,0.32,1
Lamu,2025-11-03,-2.1636095971492,41.0409392373711,16.1,28.51,1.82,14.74,0.19,1.82,1
Lamu,2025-11-27,-2.438207731494991,40.807036354575764,24.38,49.79,1.7,6.64,3.85,2.18,0
Lamu,2025-11-20,-2.0488826272499026,40.90767962350454,60.74,104.08,2.44,9.86,3.85,1.76,1
Lamu,2026-01-10,-2.3365353191820057,40.98441831205281,51.08,63.09,1.26,9.23,1.85,0.47,1
Lamu,2026-01-31,-2.0764378198292563,41.06546812021587,53.15,62.25,0.72,32.98,0.61,2.34,0
Lamu,2025-12-20,-2.1169961319710726,40.81153618409447,21.26,50.78,0.73,36.5,1.96,4.39,1
Lamu,2026-02-10,-2.1989947070471163,41.05162963930028,41.82,47.82,1.37,19.17,3.13,2.14,0
Lamu,2025-11-21,-2.103369605504965,41.081952565653765,34.35,64.02,1.87,14.32,3.17,0.98,0
Lamu,2025-11-18,-2.0350000566201807,40.79901299194672,27.43,86.26,2.57,26.79,3.27,0.99,1
Lamu,2026-01-12,-2.2814682935352977,40.847204837350645,35.87,43.0,0.77,45.22,4.58,0.87,0
Lamu,2026-02-09,-2.211753626924353,40.93184140138387,59.58,82.49,2.02,12.31,1.65,1.09,1
Lamu,2026-02-08,-2.2287586292816743,40.99363265581311,25.38,81.85,2.04,19.49,1.06,0.75,0
Lamu,2025-11-12,-1.98484846157863,40.925740060370636,17.48,31.54,2.15,11.67,1.62,1.84,0
Lamu,2025-11-04,-2.3089404562776474,40.982868700632565,15.32,29.19,1.77,3.22,0.97,4.17,1
Lamu,2025-11-06,-2.1496558761168263,40.806264449964324,48.26,82.02,2.54,11.86,0.88,0.57,1
Lamu,2026-02-07,-1.9543318414087645,40.92527852880792,23.29,62.95,2.28,28.28,2.88,5.44,0
Lamu,2026-01-29,-2.0094267237348706,40.90537744054778,22.87,33.22,2.96,15.85,0.73,3.12,1
Lamu,2026-01-31,-2.3464051054936,40.986839697609135,49.93,77.45,2.44,9.82,2.3,5.61,0
Lamu,2026-01-24,-2.4192200627948806,40.79897828675127,7.62,28.34,1.47,27.54,0.0,7.03,1
Lamu,2025-12-23,-1.9952353476737619,40.891249123150395,41.33,78.66,1.95,46.47,5.91,1.58,1
Lamu,2026-01-02,-2.0359412998211246,40.864784201783706,53.33,95.13,1.98,32.42,3.47,2.28,1
Lamu,2026-01-06,-1.9805110816327909,40.9208831112992,22.91,52.97,2.59,29.62,2.09,2.58,1
Lamu,2025-10-31,-2.2358014830844595,40.78009772035586,27.55,85.71,1.09,31.86,1.89,1.48,1
Lamu,2025-11-03,-2.27222192739505,40.81000123877062,21.77,42.79,1.9,9.13,1.94,0.45,1
Lamu,2025-11-25,-2.0508807791076946,41.02725851043161,12.63,18.67,2.04,13.45,3.99,4.37,1
Lamu,2026-01-17,-2.2079777314367472,40.82162422064574,12.85,36.52,2.47,46.18,4.38,0.71,0
Lamu,2025-11-03,-2.322041941644664,40.79411816492024,46.47,74.93,1.84,0.0,0.32,0.54,1
Lamu,2026-02-01,-1.9851234338380785,40.89265251452228,2.57,13.5,0.63,15.26,7.46,2.29,0
Lamu,2026-01-21,-2.180950497318393,41.04192152198829,37.75,56.51,2.66,1.5,3.68,1.96,1
Lamu,2025-11-20,-1.969305631319289,40.801439992419986,7.75,11.38,2.83,29.52,3.65,1.1,0
Lamu,2026-01-29,-2.0094533637722423,40.75019750021733,13.2,29.79,2.07,16.04,4.93,1.48,0
Lamu,2026-01-09,-2.004282050459989,41.018522684481084,13.21,35.88,2.28,40.94,4.62,1.24,1
Lamu,2026-01-19,-2.159487186514692,40.75114010994864,8.31,13.76,2.64,27.72,1.53,2.44,0
Lamu,2026-01-21,-2.387308812874636,40.88248989707651,20.12,25.49,0.87,21.29,3.7,1.85,1
Lamu,2025-11-17,-2.21086937042209,41.06550578251213,29.57,110.82,1.2,0.0,3.44,1.29,1
Lamu,2025-11-10,-1.9554138185093797,40.77207097614503,17.02,35.31,0.76,11.63,2.2,1.3,0
Lamu,2026-02-18,-2.3004607282752247,40.86975885748205,9.39,29.99,1.68,17.92,2.27,0.25,0
Lamu,2025-12-28,-2.2699259869016086,40.79389419107476,19.03,33.73,1.88,26.02,2.99,0.71,0
Lamu,2026-02-02,-1.982757129143144,40.93091216998361,22.87,51.94,0.55,43.44,4.51,1.31,1
Lamu,2026-02-10,-1.9915492241040114,40.874221844545154,116.65,176.41,1.03,23.62,1.97,4.42,1
Lamu,2026-02-09,-2.1770011531435443,40.77579386872485,23.09,59.12,2.75,10.87,3.46,0.62,1
Lamu,2026-01-16,-2.240522092297112,41.06371071191473,22.49,44.18,1.92,14.99,3.21,1.23,1
Lamu,2026-01-02,-1.9759683313050638,40.90767627322094,12.29,36.91,1.38,31.7,1.24,2.82,1
Lamu,2026-01-20,-2.070002734487198,41.07706072542114,19.86,55.86,2.26,29.19,3.3,4.3,1
Lamu,2025-11-04,-2.1318838024466036,40.88071804038994,3.24,21.56,1.99,21.54,4.37,3.97,0
Lamu,2026-01-14,-2.3530153883709928,41.09124146176639,25.93,67.13,2.5,9.99,2.84,0.17,1
Lamu,2025-12-08,-2.1838196263260308,41.07645290193273,17.92,24.74,2.18,15.38,0.0,6.66,1
Lamu,2026-01-31,-2.293045503860816,41.099699017198866,21.56,24.19,1.76,19.43,0.53,1.14,1
Lamu,2025-11-02,-1.963061942785472,40.87807212866314,14.1,48.72,1.95,21.61,0.1,0.38,1
Lamu,2026-02-18,-2.1414753242574145,40.93183480013671,43.46,76.87,2.15,13.98,3.63,0.42,1
Lamu,2026-01-05,-1.968261860704958,41.009381169842015,59.78,112.38,2.39,17.71,0.0,0.39,0
Lamu,2025-12-16,-2.043855611538687,40.80801321956978,31.78,53.61,0.66,28.43,3.83,1.66,1
Lamu,2025-12-29,-2.428225910584684,40.837948556528936,55.86,108.91,1.02,24.37,3.78,0.54,0
Lamu,2026-01-11,-2.235272178717692,40.778742305559255,9.73,52.41,2.23,14.2,4.71,2.11,1
Lamu,2026-01-30,-2.1955138477939915,40.81491616930377,21.98,42.95,1.14,11.91,3.97,0.77,1
Lamu,2026-02-12,-2.2374176430998762,41.001900412644254,17.68,29.62,1.0,0.0,5.55,2.77,1
Lamu,2025-12-03,-2.2583171142129372,40.7563234175874,23.07,40.11,1.48,17.61,3.35,1.53,1
Lamu,2026-01-13,-2.4272985324169873,41.059887145451185,11.41,95.93,2.0,4.22,0.56,1.07,1
Lamu,2025-12-22,-2.4289731546085074,40.777957494823745,40.74,76.37,1.14,30.61,2.41,0.43,1
Lamu,2025-12-06,-2.3747000691483757,40.90965706232489,18.21,32.6,1.82,30.1,5.76,0.63,0
Lamu,2026-01-06,-2.299689756408576,40.9463940637026,85.33,89.56,1.3,0.0,3.09,0.6,1
Lamu,2026-01-26,-2.3833397737612687,40.81528039299462,27.09,102.97,1.55,23.09,4.26,0.69,1
Lamu,2025-12-30,-1.9723725854447942,41.05262063099556,16.01,17.05,2.27,35.8,0.0,4.14,0
Lamu,2025-11-07,-2.3193533880107737,40.95036187941535,22.17,31.09,1.41,33.76,1.77,1.07,1
Lamu,2025-11-20,-2.32811583655746,41.02529378986774,9.4,50.92,2.84,14.57,4.24,0.28,1
Lamu,2025-12-03,-2.3572520622537327,40.78115054959438,9.38,19.28,0.64,41.41,4.94,2.42,1
Lamu,2026-01-01,-2.301110065546424,40.9154191188443,14.18,21.57,2.62,3.37,1.28,1.49,1
Lamu,2025-11-14,-2.3901650572998743,40.887553145310065,104.34,106.28,2.27,8.23,2.08,1.94,1
Lamu,2026-02-20,-2.385719642984948,40.79683985581182,34.23,46.2,0.58,15.19,0.78,5.03,1
Lamu,2026-01-12,-2.2335795422233846,40.994670644193604,30.29,51.06,1.51,6.01,1.95,6.56,0
Lamu,2025-11-12,-2.381147217181381,40.87224582217923,35.17,44.98,2.73,15.25,1.3,5.22,0
Lamu,2026-01-06,-2.3926199177214458,40.98788387778303,19.42,29.25,1.99,12.03,6.37,0.1,1
Lamu,2025-12-16,-2.057898372081327,40.87940623756232,76.12,99.73,2.13,23.66,0.0,0.27,1
Lamu,2025-11-05,-2.26723278811073,41.03111094232457,41.2,47.28,1.14,23.35,0.0,1.03,1
Lamu,2025-11-15,-2.3756602050628763,40.89708270310235,14.89,42.91,2.5,23.32,3.56,1.1,0
Lamu,2026-01-24,-2.370174971397872,40.78309378322938,87.11,107.06,1.77,16.53,0.44,2.31,1
Lamu,2026-02-25,-1.9740696090354732,40.98992034890824,8.95,17.6,1.7,16.23,0.0,0.78,1
Lamu,2025-12-02,-2.2015553239401267,41.04018731733247,13.61,24.5,2.98,20.13,2.94,4.04,1
Lamu,2025-12-02,-2.075627592935776,41.04140602035418,34.82,41.51,2.93,19.21,5.65,0.17,1
Lamu,2026-01-18,-2.1530449763624686,40.87526544540298,0.77,13.97,2.27,7.4,0.0,0.0,1
Lamu,2025-12-09,-2.4078366617005393,40.96524617721874,52.28,101.84,0.64,0.0,3.0,0.56,1
Lamu,2025-12-25,-2.2897536235785205,41.02875855726827,73.56,115.34,0.96,16.73,1.08,0.74,1
Lamu,2026-02-14,-2.3319109683760533,40.93612314448558,20.62,33.23,0.8,46.34,0.0,0.11,1
Lamu,2026-02-04,-2.1115018515496056,40.75278856877425,32.58,125.48,1.69,0.0,2.34,2.62,1
Lamu,2026-01-03,-2.1285169945637006,40.838786490364456,36.5,49.62,0.96,22.14,0.0,2.7,0
Lamu,2025-12-23,-2.446539919079085,40.88278134434425,27.38,34.15,2.14,24.8,4.49,1.81,1
Lamu,2026-01-31,-2.0699174670869422,40.979461194105404,31.07,68.06,2.57,24.77,5.74,2.27,1
Lamu,2026-02-09,-2.4126939529456237,41.0065610260054,32.83,44.42,2.35,38.91,5.27,2.21,1
Lamu,2025-12-12,-2.2610442689351813,40.9893969262594,19.03,21.61,0.71,34.2,1.78,4.04,1
Lamu,2026-01-13,-2.186878843115017,40.797652929823414,39.9,52.08,2.71,24.56,3.6,1.26,1
Lamu,2026-01-27,-2.0377105608328803,41.066306003804954,33.07,57.77,2.62,6.62,4.7,2.69,1
Lamu,2025-11-26,-2.436845252288127,40.97368846632532,74.21,87.37,1.82,12.68,3.02,2.47,0
Lamu,2025-12-17,-2.298616501115543,40.99091171938233,13.36,62.6,0.79,5.26,0.91,0.9,1
Lamu,2025-11-21,-2.296052453943876,40.779346020159224,58.1,70.23,0.97,21.2,1.65,0.94,1
Lamu,2025-12-29,-2.1302574786405595,40.922194863872626,15.64,18.77,2.65,19.85,3.86,4.99,0
Lamu,2025-12-18,-2.3360149286503535,40.838792554279685,55.88,65.42,0.81,13.28,3.42,6.96,1
Lamu,2026-01-10,-2.310701537724531,40.90837831645065,2.9,28.08,1.6,34.85,1.33,0.02,1
Lamu,2026-01-22,-2.209679509816636,40.94715312299743,6.35,74.46,1.13,15.29,5.1,1.91,0
Lamu,2025-11-19,-2.206633368210443,41.04803164396806,17.16,33.38,2.16,21.63,3.73,0.7,1
Lamu,2025-11-29,-2.2814893516082524,40.99195034344244,29.78,71.78,1.79,16.35,1.99,1.75,1
Lamu,2025-12-24,-1.9940267431471215,40.94520361128607,23.62,47.33,2.02,0.73,1.65,0.04,1
Lamu,2025-12-29,-2.23043497327971,40.815937327149385,43.62,76.3,1.17,0.0,2.06,0.5,1
Lamu,2025-11-16,-2.4418906741575857,41.01113775704499,32.85,54.85,0.6,20.25,3.0,3.41,1
Lamu,2025-12-12,-1.9932034947536585,40.85969495920843,17.86,28.05,1.18,5.82,2.29,0.38,1
Lamu,2025-11-15,-2.3299331938461587,40.847515407232734,23.29,53.72,2.58,2.56,0.91,3.05,1
Lamu,2026-01-12,-2.1115447057545165,40.80857327255525,25.3,45.2,1.0,14.77,2.16,2.14,1
Lamu,2025-11-30,-2.2497624313324,41.04751989011357,13.74,26.37,1.63,5.15,2.51,1.44,1
Lamu,2026-01-03,-2.4203855290395015,40.78583540847357,23.08,55.92,2.15,21.14,1.35,4.33,1
Lamu,2026-01-20,-2.1751260479376415,40.983396678642144,32.87,47.75,1.46,5.15,1.18,3.09,1
Lamu,2025-11-30,-2.174000797362455,41.09320674384742,17.63,62.81,2.02,12.29,0.0,1.61,1
Lamu,2026-02-19,-2.351807708663995,40.8274762367665,36.96,57.52,2.42,41.8,3.59,0.9,1
Lamu,2026-01-30,-2.2971140395423495,40.883118216628894,70.27,74.83,0.8,1.32,2.36,0.95,1
Lamu,2025-12-23,-2.060951190722045,40.94467093553973,37.16,72.62,1.32,16.72,1.61,2.97,1
Lamu,2026-01-07,-2.359270271857399,40.96090482414572,12.61,46.73,1.12,24.9,2.27,0.09,1
Lamu,2026-01-06,-2.2333874252745165,40.91082562994643,40.66,69.94,1.92,6.96,2.73,2.72,1
Lamu,2025-12-12,-2.167546063144801,41.01014338872194,18.68,87.55,1.69,18.63,5.71,1.27,1
Lamu,2025-12-10,-2.2213589983773825,40.999678431637875,2.5,30.95,2.12,0.0,4.22,1.9,1
Lamu,2025-12-29,-2.152344076063444,41.05496536105041,11.86,14.05,2.89,8.58,3.29,2.04,0
Lamu,2026-01-06,-2.438033453317085,41.004019946800334,40.98,62.71,1.17,23.49,1.01,3.02,1
Lamu,2025-11-05,-2.173957136074617,40.79833817544503,60.16,98.02,1.95,23.19,2.61,3.98,1
Lamu,2026-02-10,-2.0618881334142762,40.85006709434132,42.79,60.17,1.94,15.65,1.03,1.63,0
Lamu,2026-01-09,-2.269356145943489,40.88496139053017,12.21,25.64,2.92,22.91,2.52,0.67,1
Lamu,2025-11-20,-2.1555560047046614,40.98360920913379,41.16,46.5,1.5,14.99,2.94,2.23,0
Lamu,2026-01-22,-2.1914474604444196,40.89412493229578,43.41,63.1,2.96,0.0,1.21,0.07,1
Lamu,2025-12-26,-2.0760200110294087,40.94267411995374,19.39,30.82,0.76,24.94,0.93,2.1,0
Lamu,2025-12-01,-2.0336702113118594,40.81792933953918,9.65,23.1,0.6,30.47,1.93,1.68,0
Lamu,2026-01-26,-2.4061027596372,40.79332016963342,16.1,38.07,1.02,16.21,1.7,2.25,1
Lamu,2026-01-09,-2.2343314003451282,40.84140187140384,27.75,32.7,0.74,31.33,3.31,2.11,1
Lamu,2025-12-15,-2.0583796398480616,40.864885733745176,50.82,70.85,1.2,4.07,0.0,3.03,1
Lamu,2026-02-08,-1.98009851798144,41.066692586876904,37.42,39.24,0.75,20.67,4.03,2.03,1
Lamu,2026-01-30,-2.2388384943642974,40.95984750000094,13.16,22.88,1.6,14.19,4.73,7.3,0
Lamu,2026-02-16,-2.0984442198400086,41.05711671285488,0.46,19.39,1.08,0.67,2.54,1.02,0
Lamu,2026-01-25,-1.9777364882664392,41.0827984438422,16.77,45.66,1.39,12.94,2.7,1.63,1
Lamu,2025-12-14,-2.1594496377453845,41.0830266625742,35.82,48.13,0.93,32.96,2.21,1.41,1
Lamu,2025-11-30,-2.017782607047799,40.81906263929842,4.94,67.52,1.91,31.21,4.26,1.29,0
Lamu,2026-02-01,-1.9830558792038993,40.99816005428596,30.8,43.2,1.2,19.03,2.76,0.86,0
Lamu,2026-02-10,-2.113536967544025,40.80425617064952,66.99,81.7,0.95,0.0,0.97,0.52,0
Lamu,2025-11-25,-2.276393275862763,40.7657649828751,29.23,44.28,2.3,3.9,1.41,0.28,0
Lamu,2025-12-31,-2.42701252829201,40.78682775567242,51.43,128.1,2.0,12.34,4.81,4.2,1
Lamu,2025-12-16,-2.23858740057813,40.87972087388679,20.57,74.16,1.33,29.34,3.32,2.48,0
Lamu,2026-02-18,-2.0624099524340775,40.801104866899216,66.41,66.88,0.59,24.48,0.07,0.69,1
Lamu,2026-02-02,-2.4211860613458414,40.99601173455688,29.68,45.59,0.76,9.35,4.24,0.68,1
Lamu,2025-11-19,-2.255213362228471,40.92436614570107,52.24,123.43,2.48,35.75,1.93,3.06,1
Lamu,2025-12-17,-2.320523704509061,40.82869771115666,19.09,41.98,2.58,16.25,5.08,2.67,1
Lamu,2025-12-10,-2.314511110133265,41.013142470243636,21.64,30.33,2.1,14.45,0.04,1.61,0
Lamu,2025-12-01,-2.1154616565852282,40.830236444461256,13.52,27.6,2.8,3.58,3.33,1.91,1
Lamu,2025-11-10,-2.1229295455559276,40.95799506903737,9.41,13.28,2.54,13.75,5.63,0.44,1
Lamu,2026-01-17,-2.426946663560033,41.017250101384,46.18,95.98,1.5,7.17,1.32,1.37,1
Lamu,2026-01-09,-1.9591753827514058,40.88643777904177,28.95,65.96,1.97,23.63,0.97,0.5,1
Lamu,2026-01-28,-2.1224292560590117,41.056794755809804,37.53,60.44,1.57,22.43,0.0,4.34,0
Lamu,2026-02-02,-2.3369677383008978,40.97698131154471,54.61,140.84,0.52,2.29,0.71,2.52,1
Lamu,2025-12-19,-2.0637248495647964,41.03765223021225,57.02,67.73,1.54,8.03,0.22,0.23,1
Lamu,2025-11-04,-2.1081586133901578,40.78686490792865,17.99,35.49,1.73,11.29,5.6,0.16,0
Lamu,2026-01-25,-2.0291013492099137,40.85826116604673,49.16,63.12,0.97,3.09,1.21,3.21,1
Lamu,2026-01-05,-2.170438573803227,40.93013425984509,41.78,103.55,2.11,18.34,2.31,0.33,1
Lamu,2026-01-07,-2.2497450179155005,41.042815312526685,37.05,53.94,0.54,13.21,1.42,0.89,1
Lamu,2025-12-20,-2.167561375022521,40.91543376281456,28.87,49.62,1.82,21.32,4.29,3.33,1
Lamu,2026-02-05,-1.9821031325147693,41.07042441342776,14.27,46.29,0.63,16.74,3.44,0.75,1
Lamu,2026-01-19,-1.9738203527916562,40.88201559284278,52.19,59.51,2.06,0.0,0.0,1.92,1
Lamu,2026-02-02,-2.185096690908108,40.81467139252617,21.75,25.03,2.14,23.81,2.73,1.5,1
Lamu,2026-02-18,-2.145241817339934,41.04595703460269,33.02,48.04,0.56,20.6,0.0,1.73,1
Lamu,2026-02-01,-2.1199010312914273,40.9630436872806,28.75,46.61,1.47,28.61,1.42,1.41,1
Lamu,2025-12-27,-2.155006770672858,40.89685014210947,36.55,59.58,2.37,32.11,5.39,2.61,1
Lamu,2026-01-13,-2.326332892253109,41.0688206233958,32.41,84.6,1.42,18.67,3.01,0.15,1
Lamu,2025-11-20,-2.0706694416387377,40.81062958196067,83.05,92.93,1.69,23.33,6.07,7.28,1
Lamu,2026-02-15,-2.102001178484277,41.03844732391158,23.85,45.35,0.91,27.27,4.61,0.31,1
Lamu,2025-12-16,-2.1184135352912734,40.86655775986857,14.8,33.37,1.68,28.62,3.8,2.18,1
Lamu,2026-01-24,-2.0144706789027973,40.987787069979426,32.88,42.32,1.64,21.07,0.87,0.09,1
Lamu,2025-12-03,-1.993338142436793,40.82644041124257,31.31,60.11,0.98,14.48,0.59,0.24,0
Lamu,2025-12-03,-2.214810396317589,40.95360978246265,77.5,113.57,2.6,11.03,3.34,4.06,0
Lamu,2026-02-23,-2.4493926399024333,40.841314083511726,13.73,26.52,0.82,2.56,0.0,2.43,1
Lamu,2026-02-06,-2.1973220773636615,41.079712192833156,29.97,74.14,0.75,9.53,1.04,1.12,0
Lamu,2025-11-24,-2.225510575680346,40.812614248654185,4.02,5.01,0.52,20.74,0.0,1.11,1
Lamu,2026-01-19,-2.3702475746181535,40.823783589460604,21.15,31.22,1.54,17.81,5.49,8.53,1
Lamu,2025-11-02,-2.135781231466522,40.85546376879955,27.56,30.66,1.45,9.6,5.21,2.24,1
Lamu,2025-12-20,-2.2185923658619133,41.092905291340664,14.72,56.68,2.1,23.59,0.0,0.35,0
Lamu,2026-01-29,-2.419362402673175,40.923196931966714,18.49,64.97,1.72,23.67,2.56,0.15,1
Lamu,2026-02-23,-2.1067579969658694,40.93335803595904,123.62,142.61,1.92,0.0,5.36,2.09,1
Lamu,2025-11-24,-2.3376582908640446,41.0041890273043,21.85,52.44,2.44,16.87,0.46,3.64,1
Lamu,2026-02-17,-2.432172118039755,40.83514199371671,6.59,26.2,2.58,20.72,3.08,0.46,1
Lamu,2026-02-14,-2.3126106134378057,40.991995366079124,28.56,36.26,1.67,0.8,3.98,0.28,1
Lamu,2026-01-21,-2.148236448789956,41.07258278817213,32.54,40.51,2.08,24.99,4.63,0.1,1
Lamu,2026-02-03,-2.3548089593644446,40.88914786028309,31.7,55.12,2.83,21.17,4.82,0.58,1
Lamu,2025-11-05,-2.1158900262379965,41.06725362939467,19.6,34.5,0.73,34.05,2.24,1.02,0
Lamu,2026-02-14,-2.359945576396537,40.7648413472892,20.32,69.64,0.66,30.0,1.71,3.04,1
Lamu,2026-01-07,-1.9748398056146501,40.98836253186924,30.62,51.32,1.72,17.91,4.07,0.38,1
Lamu,2025-12-21,-2.0210582823506793,40.99262907781294,21.17,33.85,2.42,15.35,5.07,0.52,1
Lamu,2025-11-22,-2.3109556703340193,40.76718573164704,20.59,43.23,2.5,24.29,3.31,0.05,1
Lamu,2025-12-19,-1.964740177489084,40.77021600861397,12.8,24.85,1.59,0.0,2.68,0.62,1
Lamu,2025-11-21,-1.9560880695798033,40.83533541376043,15.44,45.2,1.65,16.12,5.95,0.87,1
Lamu,2025-12-26,-1.97667120698538,41.012991170927314,25.25,56.51,2.35,18.75,1.39,0.22,0
Lamu,2025-12-26,-2.1385495951102707,40.994790562502395,54.61,64.16,2.93,9.98,4.45,1.23,0
Lamu,2025-12-10,-2.3916154627614827,41.02626083423692,4.44,38.37,0.76,35.1,3.76,0.41,0
Lamu,2025-10-29,-1.9708194590049408,40.858705498540324,29.24,52.61,2.93,15.03,2.1,0.06,1
Lamu,2026-01-25,-2.37874314377181,40.87262167433223,27.38,33.79,2.47,8.8,1.05,3.31,1
Lamu,2025-11-21,-2.336919863007595,40.75432316338841,32.74,54.65,0.98,18.85,4.46,9.04,1
Lamu,2025-12-20,-2.1815657319724253,40.79310394637096,9.85,39.22,1.34,24.86,2.32,3.92,0
Lamu,2025-12-03,-2.066310814232376,41.09094483096187,78.34,92.96,1.47,9.88,3.93,1.18,1
Lamu,2026-01-15,-1.997710081889823,41.09143518319041,21.83,40.24,0.8,19.65,2.19,0.63,0
Lamu,2026-01-12,-2.4159276586878855,40.9209423059136,12.27,51.55,1.3,4.25,3.82,1.64,1
Lamu,2026-02-11,-2.431368113848567,40.763172300996224,5.45,11.47,1.82,27.89,1.62,0.8,0
Lamu,2025-10-30,-2.430905640451018,40.80127312147164,42.96,56.41,2.83,19.26,1.91,19.68,1
Lamu,2025-11-21,-2.2425018412243527,40.91910134218737,9.9,45.11,0.73,19.07,3.54,2.56,0
Lamu,2026-02-03,-1.9999600360052079,40.75007969091342,82.54,138.69,1.53,34.02,0.0,0.07,1
Lamu,2025-11-21,-2.437935769962888,40.859329616908205,9.77,10.96,2.1,12.94,3.09,2.67,0
Lamu,2026-01-29,-2.054710199372067,40.86204174424133,37.22,41.3,0.76,19.98,6.37,6.34,1
Lamu,2025-12-20,-2.4425922614235493,40.873998174095725,44.52,80.54,2.48,0.0,3.59,0.22,1
Lamu,2025-12-08,-2.423700199567937,41.09826848847731,31.07,52.69,2.2,16.1,2.05,1.5,0
Lamu,2025-11-27,-1.9504380745646939,40.81867613119879,37.41,68.42,2.67,13.97,1.54,3.66,0
Lamu,2026-01-25,-2.251270733921552,41.0244723586463,17.65,62.99,2.08,29.43,0.0,2.66,1
Lamu,2025-12-11,-2.0061688776353255,40.95518486513677,19.39,30.58,1.81,30.98,2.8,2.18,1
Lamu,2025-12-14,-2.338595748775542,41.07229268519376,21.78,31.03,1.25,37.96,0.67,2.97,0
Lamu,2026-01-10,-2.0063144021016988,41.09232287348395,41.7,47.7,0.78,28.64,0.89,5.69,0
Lamu,2026-01-08,-2.3652379474745753,40.76007779925253,25.5,41.29,1.32,0.0,0.0,1.6,1
Lamu,2025-11-02,-2.312930376253517,40.761132806484994,13.06,89.52,2.83,23.32,1.01,0.95,1
Lamu,2026-01-23,-2.4064781789480665,40.773427585160675,58.15,66.14,2.51,9.97,4.08,0.73,1
Lamu,2025-12-15,-2.082033391511077,41.01623385435734,15.07,71.48,2.91,16.47,6.53,1.62,1
Lamu,2026-02-08,-2.1833277993246147,40.927928503813845,29.06,46.1,0.9,1.31,0.0,1.83,1
Lamu,2026-02-16,-2.4469045576962296,40.939145352327124,46.53,53.57,1.84,4.85,3.77,0.2,1
Lamu,2025-12-07,-2.288796742061967,41.049466675696685,16.75,39.1,2.41,22.09,2.03,0.02,1
Lamu,2025-12-15,-2.1740228335738188,40.81538763691652,10.91,35.37,2.37,21.13,4.23,1.05,1
Lamu,2025-11-05,-2.4191704613420337,40.75288574994392,15.18,26.05,1.37,31.57,0.81,0.72,0
Lamu,2026-01-15,-2.012261177876778,40.99461564707845,24.36,70.38,0.82,20.85,0.66,1.79,0
Lamu,2026-02-19,-2.0013008980567806,40.75803661929113,8.63,37.62,1.53,1.02,0.0,1.03,1
Lamu,2026-02-21,-1.9765396742964885,41.0918069289308,31.33,82.25,2.48,33.84,2.59,1.21,1
Lamu,2025-11-04,-2.2712759062244574,40.79655122329833,25.07,44.05,2.61,7.8,2.05,3.48,1
Lamu,2025-12-26,-2.391029230792899,41.01281039553597,21.32,31.07,2.27,28.03,1.66,0.9,1
Lamu,2026-01-03,-2.361808731257372,41.08226627958704,27.75,59.55,1.32,0.0,0.0,3.35,1
Lamu,2025-12-08,-2.05679134295672,40.811996473659924,15.59,51.37,1.97,22.65,4.53,0.53,0
Lamu,2025-12-26,-2.209573388800681,41.08270356395896,9.1,15.3,2.14,29.47,1.06,3.11,0
Lamu,2025-12-09,-2.395349179882295,41.0183295524503,62.83,112.11,2.38,0.0,5.26,1.14,1
Lamu,2026-01-30,-2.0683595629576503,40.78689168233303,19.38,25.73,1.44,23.71,1.16,0.48,1
Lamu,2025-10-29,-2.2259447478158547,40.917934507039696,9.81,37.21,1.86,47.86,4.94,1.0,0
Lamu,2026-02-17,-2.0663952129675436,40.859846794881314,53.45,77.54,2.57,18.45,1.24,0.82,1
Lamu,2025-11-16,-2.2013958822922532,41.025544898896186,28.15,50.11,1.35,38.22,2.56,1.24,1
Lamu,2026-01-16,-2.436446993347375,41.04694113787811,30.57,42.84,2.41,25.91,1.83,0.75,1
Lamu,2025-11-20,-1.960601010140348,40.99151534613064,36.14,52.72,2.22,5.53,1.42,8.81,1
Lamu,2025-11-10,-2.26035997040652,41.069029978957786,35.39,79.18,0.61,12.36,5.91,1.24,1
Lamu,2025-12-28,-2.1857906555965907,41.057405870629495,8.36,42.19,1.43,38.37,1.69,0.19,0
Lamu,2026-02-20,-1.9609703245406012,40.87563789071977,48.25,54.68,2.97,10.86,1.58,0.79,1
Lamu,2026-02-02,-2.2125309825168773,40.845956888129436,20.48,23.49,0.74,15.85,6.56,3.1,1
Lamu,2025-11-12,-2.0817998620739475,41.06892746074055,34.67,55.51,1.47,35.87,3.63,2.27,1
Lamu,2025-11-01,-2.156568002517718,40.763751221928835,20.51,48.19,1.93,8.02,3.62,2.06,1
Lamu,2025-11-02,-2.2692114025365817,41.03381971358774,32.17,39.89,1.42,32.72,4.01,0.34,0
Lamu,2026-01-31,-2.421333824018341,41.05214639776574,9.6,100.6,1.76,17.83,3.97,0.05,0
Lamu,2025-10-31,-2.364215677390138,41.02005753410263,19.51,39.33,1.12,2.36,3.62,2.81,1
Lamu,2026-02-22,-2.43810740349478,40.82169025176438,38.42,56.34,1.37,28.82,2.51,0.56,1
Lamu,2026-02-13,-2.079762913566219,40.95440878548221,4.79,16.16,2.55,12.54,3.0,0.56,1
Lamu,2025-12-07,-2.3728586581705735,41.04486111155331,10.08,35.36,2.06,26.24,4.26,0.69,1
Lamu,2026-02-12,-2.3163622114219096,40.78907242420481,50.17,59.35,1.87,4.81,0.32,2.63,1
Lamu,2025-12-12,-2.32549558958899,40.81046457626628,75.98,89.82,2.35,26.45,4.73,6.86,1
Lamu,2026-01-22,-2.24586660500506,40.78019690596172,24.8,64.83,2.11,26.97,0.0,1.72,1
Lamu,2025-11-20,-2.3953642568950744,41.062336671110316,39.93,62.14,2.29,22.94,2.51,5.77,1
Lamu,2026-02-12,-2.126098200545522,41.018148202585564,76.02,83.4,2.22,42.81,1.6,1.77,1
Lamu,2025-12-17,-2.2556319069424284,40.8905336254882,35.37,54.87,2.76,3.32,0.0,1.64,1
Lamu,2025-12-01,-2.333841505060415,40.82986826247526,5.1,44.78,1.63,22.77,2.12,10.46,0
Lamu,2025-12-13,-2.280018458540757,41.08460705788685,13.37,27.56,1.19,15.9,4.71,0.45,1
Lamu,2026-01-28,-2.0424912216224356,40.825113388145716,5.83,18.48,1.7,8.73,7.7,0.77,1
Lamu,2025-12-04,-2.141368453483005,40.80564127082352,6.66,23.22,1.9,28.66,0.0,1.58,1
Lamu,2026-02-09,-2.200560540274888,40.97427611585574,102.35,125.33,2.22,22.46,0.0,0.04,1
Lamu,2025-11-10,-2.3331251697814084,41.03996950290709,27.97,78.01,2.82,17.44,3.28,3.72,1
Lamu,2025-11-23,-2.0306287783259473,40.93757572940333,4.72,26.78,2.6,21.9,0.0,0.29,1
Lamu,2026-02-02,-2.421123579444183,40.82674084598626,56.99,65.06,0.62,37.1,2.76,0.64,0
Lamu,2026-01-29,-2.406839330100708,40.908332733523665,19.96,93.84,2.96,10.09,2.39,0.31,1
Lamu,2025-12-07,-2.3593022008138536,40.96116337269504,22.97,32.44,0.98,22.09,1.34,0.67,1
Lamu,2026-01-21,-2.3235540338548573,40.894988661699266,18.63,20.72,2.67,0.0,4.1,0.52,1
Lamu,2026-01-19,-2.223577297155596,40.92877126690524,24.41,43.2,2.82,29.79,0.26,2.55,0
Lamu,2025-12-12,-2.1391536685975914,40.951619828566145,14.82,46.95,2.62,10.48,4.92,0.58,1
Lamu,2025-11-17,-2.3101020791662212,40.77945971342029,29.56,45.73,0.9,8.84,1.12,0.38,0
Lamu,2026-02-17,-2.2882828046845667,40.95111228274764,37.76,54.39,2.91,20.34,7.23,1.2,1
Lamu,2025-11-21,-2.417249312155576,40.9310696688295,13.4,27.21,1.58,17.74,2.0,2.25,1
Lamu,2026-01-11,-2.221387562270348,40.91616639077621,29.05,38.89,1.77,20.68,5.94,0.18,1
Lamu,2025-10-31,-2.41134179213498,41.076237258546136,41.12,71.51,2.23,14.28,3.49,0.13,1
Lamu,2026-01-28,-2.0811404516233174,40.92089231888501,42.03,82.14,1.1,30.14,4.3,1.39,1
Lamu,2026-01-31,-2.301525917131589,40.996681048181976,15.75,51.56,0.79,9.44,2.85,0.2,1
Lamu,2026-01-08,-2.0008944384956124,41.059255931424154,14.45,50.92,2.65,0.0,1.41,0.63,1
Lamu,2025-11-13,-2.108293900586897,40.772974923591896,28.83,43.17,1.09,37.79,3.99,4.21,0
Lamu,2025-11-19,-1.9752600621268563,41.0778448137879,2.39,17.51,0.99,17.3,4.55,0.04,0
Lamu,2026-01-13,-2.3279955112579414,40.832645262374726,24.26,45.27,1.27,25.85,5.43,1.09,1
Lamu,2025-11-01,-2.335062993043121,41.0470824649523,18.54,24.25,2.95,6.69,1.3,1.74,1
Lamu,2026-01-02,-2.1915287627542623,40.96019752636973,61.48,79.88,0.97,19.19,1.86,5.23,1
Lamu,2025-12-08,-2.215887334310723,40.793399882506286,24.5,40.79,1.59,0.0,2.24,5.13,0
Lamu,2026-01-31,-2.1567692566671455,40.993618059124174,24.38,50.9,2.09,49.1,1.33,0.53,1
Lamu,2025-12-20,-2.441591497330029,40.90324679217361,19.34,37.43,1.13,21.81,2.21,8.24,0
Lamu,2025-12-21,-2.364626056875485,41.051458127625786,9.14,24.19,1.82,25.34,1.06,2.78,0
Lamu,2025-11-16,-2.380745975241833,41.09181380408917,30.72,51.53,2.42,33.64,2.58,0.06,1
Lamu,2025-12-01,-2.219559211998497,40.9370516940869,42.48,65.77,0.64,10.12,2.0,0.64,1
Lamu,2026-02-09,-2.395777261314903,40.94667530249037,49.55,73.86,2.93,18.47,0.0,1.59,1
Lamu,2025-11-10,-2.4008399053827363,40.774314529017076,14.76,16.57,0.62,16.76,5.6,0.65,1
Lamu,2025-12-13,-2.391875771675722,40.98967619155738,74.76,83.97,1.73,11.46,1.5,3.54,1
Lamu,2025-11-22,-2.233081467909291,40.94174342630161,65.65,112.95,2.81,15.99,1.91,2.37,1
Lamu,2026-02-15,-2.3849762489473534,40.85180623746546,64.28,79.9,2.49,2.04,1.43,5.3,1
Lamu,2026-02-12,-2.392110342419292,40.77359675100515,14.63,47.1,2.21,21.33,2.49,1.66,0
Lamu,2025-11-06,-1.9742769911584033,40.92776782050771,34.23,72.11,1.73,2.25,2.58,0.97,1
Lamu,2025-12-12,-2.355248059307236,41.052817191994556,43.2,52.86,2.81,16.87,3.95,0.31,0
Lamu,2025-11-22,-1.9988910087521257,41.02559582060923,50.79,73.81,1.65,11.66,5.97,1.48,1
Lamu,2026-02-18,-2.3931649170447953,40.79978713040515,32.22,37.06,2.43,14.27,4.22,4.09,0
Lamu,2025-12-02,-2.4225504646872813,40.86464848142033,52.89,73.04,1.41,13.15,4.05,7.96,1
Lamu,2025-12-14,-2.002328084162641,40.795057578621844,6.99,28.54,2.83,33.42,1.92,5.74,1
Lamu,2026-01-28,-2.0597330122429,40.76793011815752,25.0,62.97,2.3,10.83,1.84,0.45,1
Lamu,2025-11-08,-2.1668528916729937,40.89938785014759,56.67,93.09,2.66,0.0,1.34,1.59,1
Lamu,2025-12-22,-2.2769817388763975,41.04570733462749,19.24,32.66,2.77,30.78,0.86,0.14,1
Lamu,2026-02-19,-2.406828041258552,41.09695226021012,41.72,58.09,0.76,5.82,6.05,2.43,1
Lamu,2026-02-12,-2.359820967918358,41.02426299650615,41.44,72.15,1.81,17.07,3.91,2.37,1
Lamu,2025-12-25,-2.3977645723272594,40.89129481489463,56.74,64.78,2.16,23.53,3.87,0.85,1
